timestamp,crop_type,predicted_temperature_c,action,fan_on,spray_on,status_note
2027-09-28T06:00:00,tb,43.23271179199219,fan_and_spray_on,1,1,critical_high_temperature
2027-09-28T07:00:00,tb,43.28229904174805,fan_and_spray_on,1,1,critical_high_temperature
2027-09-28T08:00:00,tb,43.232547760009766,fan_and_spray_on,1,1,critical_high_temperature
2027-09-28T09:00:00,tb,43.10747146606445,fan_and_spray_on,1,1,critical_high_temperature
2027-09-28T10:00:00,tb,43.38156509399414,fan_and_spray_on,1,1,critical_high_temperature
2027-09-28T11:00:00,tb,43.230037689208984,fan_and_spray_on,1,1,critical_high_temperature
2027-09-28T12:00:00,tb,43.129798889160156,fan_and_spray_on,1,1,critical_high_temperature
2027-09-28T13:00:00,tb,43.21930694580078,fan_and_spray_on,1,1,critical_high_temperature
2027-09-28T14:00:00,tb,43.11064147949219,fan_and_spray_on,1,1,critical_high_temperature
2027-09-28T15:00:00,tb,43.24100112915039,fan_and_spray_on,1,1,critical_high_temperature
2027-09-28T16:00:00,tb,43.21807861328125,fan_and_spray_on,1,1,critical_high_temperature
2027-09-28T17:00:00,tb,43.17647171020508,fan_and_spray_on,1,1,critical_high_temperature
2027-09-28T18:00:00,tb,43.14374923706055,fan_and_spray_on,1,1,critical_high_temperature
2027-09-28T19:00:00,tb,43.25450134277344,fan_and_spray_on,1,1,critical_high_temperature
2027-09-28T20:00:00,tb,43.118263244628906,fan_and_spray_on,1,1,critical_high_temperature
2027-09-28T21:00:00,tb,43.28913879394531,fan_and_spray_on,1,1,critical_high_temperature
2027-09-28T22:00:00,tb,43.288291931152344,fan_and_spray_on,1,1,critical_high_temperature
2027-09-28T23:00:00,tb,43.25115966796875,fan_and_spray_on,1,1,critical_high_temperature
2027-09-29T00:00:00,tb,43.12748336791992,fan_and_spray_on,1,1,critical_high_temperature
2027-09-29T01:00:00,tb,43.21092224121094,fan_and_spray_on,1,1,critical_high_temperature
2027-09-29T02:00:00,tb,43.19084548950195,fan_and_spray_on,1,1,critical_high_temperature
2027-09-29T03:00:00,tb,43.285160064697266,fan_and_spray_on,1,1,critical_high_temperature
2027-09-29T04:00:00,tb,43.08660888671875,fan_and_spray_on,1,1,critical_high_temperature
2027-09-29T05:00:00,tb,43.260433197021484,fan_and_spray_on,1,1,critical_high_temperature
2027-09-29T06:00:00,tb,43.30018615722656,fan_and_spray_on,1,1,critical_high_temperature
2027-09-29T07:00:00,tb,43.2230110168457,fan_and_spray_on,1,1,critical_high_temperature
2027-09-29T08:00:00,tb,43.208614349365234,fan_and_spray_on,1,1,critical_high_temperature
2027-09-29T09:00:00,tb,43.170372009277344,fan_and_spray_on,1,1,critical_high_temperature
2027-09-29T10:00:00,tb,43.141845703125,fan_and_spray_on,1,1,critical_high_temperature
2027-09-29T11:00:00,tb,43.03525924682617,fan_and_spray_on,1,1,critical_high_temperature
2027-09-29T12:00:00,tb,43.25663757324219,fan_and_spray_on,1,1,critical_high_temperature
2027-09-29T13:00:00,tb,43.14358901977539,fan_and_spray_on,1,1,critical_high_temperature
2027-09-29T14:00:00,tb,43.270137786865234,fan_and_spray_on,1,1,critical_high_temperature
2027-09-29T15:00:00,tb,43.123817443847656,fan_and_spray_on,1,1,critical_high_temperature
2027-09-29T16:00:00,tb,43.26766586303711,fan_and_spray_on,1,1,critical_high_temperature
2027-09-29T17:00:00,tb,43.27749252319336,fan_and_spray_on,1,1,critical_high_temperature
2027-09-29T18:00:00,tb,43.05060958862305,fan_and_spray_on,1,1,critical_high_temperature
2027-09-29T19:00:00,tb,43.297298431396484,fan_and_spray_on,1,1,critical_high_temperature
2027-09-29T20:00:00,tb,43.254676818847656,fan_and_spray_on,1,1,critical_high_temperature
2027-09-29T21:00:00,tb,43.027671813964844,fan_and_spray_on,1,1,critical_high_temperature
2027-09-29T22:00:00,tb,43.2762451171875,fan_and_spray_on,1,1,critical_high_temperature
2027-09-29T23:00:00,tb,43.0621223449707,fan_and_spray_on,1,1,critical_high_temperature
2027-09-30T00:00:00,tb,43.15990447998047,fan_and_spray_on,1,1,critical_high_temperature
2027-09-30T01:00:00,tb,43.273372650146484,fan_and_spray_on,1,1,critical_high_temperature
2027-09-30T02:00:00,tb,43.20826721191406,fan_and_spray_on,1,1,critical_high_temperature
2027-09-30T03:00:00,tb,43.11201477050781,fan_and_spray_on,1,1,critical_high_temperature
2027-09-30T04:00:00,tb,43.18194580078125,fan_and_spray_on,1,1,critical_high_temperature
2027-09-30T05:00:00,tb,43.141693115234375,fan_and_spray_on,1,1,critical_high_temperature
2027-09-30T06:00:00,tb,43.12981414794922,fan_and_spray_on,1,1,critical_high_temperature
2027-09-30T07:00:00,tb,43.30746078491211,fan_and_spray_on,1,1,critical_high_temperature
2027-09-30T08:00:00,tb,43.09994125366211,fan_and_spray_on,1,1,critical_high_temperature
2027-09-30T09:00:00,tb,43.37220001220703,fan_and_spray_on,1,1,critical_high_temperature
2027-09-30T10:00:00,tb,43.359405517578125,fan_and_spray_on,1,1,critical_high_temperature
2027-09-30T11:00:00,tb,43.07866287231445,fan_and_spray_on,1,1,critical_high_temperature
2027-09-30T12:00:00,tb,43.2322883605957,fan_and_spray_on,1,1,critical_high_temperature
2027-09-30T13:00:00,tb,43.1955451965332,fan_and_spray_on,1,1,critical_high_temperature
2027-09-30T14:00:00,tb,43.192138671875,fan_and_spray_on,1,1,critical_high_temperature
2027-09-30T15:00:00,tb,42.971675872802734,fan_and_spray_on,1,1,critical_high_temperature
2027-09-30T16:00:00,tb,43.3199462890625,fan_and_spray_on,1,1,critical_high_temperature
2027-09-30T17:00:00,tb,43.25904846191406,fan_and_spray_on,1,1,critical_high_temperature
2027-09-30T18:00:00,tb,43.317325592041016,fan_and_spray_on,1,1,critical_high_temperature
2027-09-30T19:00:00,tb,43.03551483154297,fan_and_spray_on,1,1,critical_high_temperature
2027-09-30T20:00:00,tb,43.2341423034668,fan_and_spray_on,1,1,critical_high_temperature
2027-09-30T21:00:00,tb,43.27755355834961,fan_and_spray_on,1,1,critical_high_temperature
2027-09-30T22:00:00,tb,43.146488189697266,fan_and_spray_on,1,1,critical_high_temperature
2027-09-30T23:00:00,tb,43.03080368041992,fan_and_spray_on,1,1,critical_high_temperature
2027-10-01T00:00:00,tb,43.231624603271484,fan_and_spray_on,1,1,critical_high_temperature
2027-10-01T01:00:00,tb,43.290138244628906,fan_and_spray_on,1,1,critical_high_temperature
2027-10-01T02:00:00,tb,43.12206268310547,fan_and_spray_on,1,1,critical_high_temperature
2027-10-01T03:00:00,tb,43.169342041015625,fan_and_spray_on,1,1,critical_high_temperature
2027-10-01T04:00:00,tb,43.164306640625,fan_and_spray_on,1,1,critical_high_temperature
2027-10-01T05:00:00,tb,43.261348724365234,fan_and_spray_on,1,1,critical_high_temperature
2027-10-01T06:00:00,tb,43.187644958496094,fan_and_spray_on,1,1,critical_high_temperature
2027-10-01T07:00:00,tb,43.14627456665039,fan_and_spray_on,1,1,critical_high_temperature
2027-10-01T08:00:00,tb,43.12251663208008,fan_and_spray_on,1,1,critical_high_temperature
2027-10-01T09:00:00,tb,43.07991409301758,fan_and_spray_on,1,1,critical_high_temperature
2027-10-01T10:00:00,tb,43.07914733886719,fan_and_spray_on,1,1,critical_high_temperature
2027-10-01T11:00:00,tb,43.31747817993164,fan_and_spray_on,1,1,critical_high_temperature
2027-10-01T12:00:00,tb,43.075355529785156,fan_and_spray_on,1,1,critical_high_temperature
2027-10-01T13:00:00,tb,43.22724914550781,fan_and_spray_on,1,1,critical_high_temperature
2027-10-01T14:00:00,tb,43.03859329223633,fan_and_spray_on,1,1,critical_high_temperature
2027-10-01T15:00:00,tb,43.331214904785156,fan_and_spray_on,1,1,critical_high_temperature
2027-10-01T16:00:00,tb,43.17634963989258,fan_and_spray_on,1,1,critical_high_temperature
2027-10-01T17:00:00,tb,43.14546585083008,fan_and_spray_on,1,1,critical_high_temperature
2027-10-01T18:00:00,tb,43.28483200073242,fan_and_spray_on,1,1,critical_high_temperature
2027-10-01T19:00:00,tb,43.22306823730469,fan_and_spray_on,1,1,critical_high_temperature
2027-10-01T20:00:00,tb,43.25467300415039,fan_and_spray_on,1,1,critical_high_temperature
2027-10-01T21:00:00,tb,43.07598876953125,fan_and_spray_on,1,1,critical_high_temperature
2027-10-01T22:00:00,tb,43.08989715576172,fan_and_spray_on,1,1,critical_high_temperature
2027-10-01T23:00:00,tb,43.19913101196289,fan_and_spray_on,1,1,critical_high_temperature
2027-10-02T00:00:00,tb,43.199195861816406,fan_and_spray_on,1,1,critical_high_temperature
2027-10-02T01:00:00,tb,43.14479446411133,fan_and_spray_on,1,1,critical_high_temperature
2027-10-02T02:00:00,tb,43.27972412109375,fan_and_spray_on,1,1,critical_high_temperature
2027-10-02T03:00:00,tb,43.04950714111328,fan_and_spray_on,1,1,critical_high_temperature
2027-10-02T04:00:00,tb,43.268836975097656,fan_and_spray_on,1,1,critical_high_temperature
2027-10-02T05:00:00,tb,43.2705192565918,fan_and_spray_on,1,1,critical_high_temperature
2027-10-02T06:00:00,tb,43.08510208129883,fan_and_spray_on,1,1,critical_high_temperature
2027-10-02T07:00:00,tb,43.312740325927734,fan_and_spray_on,1,1,critical_high_temperature
2027-10-02T08:00:00,tb,43.221256256103516,fan_and_spray_on,1,1,critical_high_temperature
2027-10-02T09:00:00,tb,43.03097152709961,fan_and_spray_on,1,1,critical_high_temperature
2027-10-02T10:00:00,tb,43.226219177246094,fan_and_spray_on,1,1,critical_high_temperature
2027-10-02T11:00:00,tb,43.210601806640625,fan_and_spray_on,1,1,critical_high_temperature
2027-10-02T12:00:00,tb,43.01005935668945,fan_and_spray_on,1,1,critical_high_temperature
2027-10-02T13:00:00,tb,43.35591506958008,fan_and_spray_on,1,1,critical_high_temperature
2027-10-02T14:00:00,tb,43.14241409301758,fan_and_spray_on,1,1,critical_high_temperature
2027-10-02T15:00:00,tb,43.25722122192383,fan_and_spray_on,1,1,critical_high_temperature
2027-10-02T16:00:00,tb,43.26388168334961,fan_and_spray_on,1,1,critical_high_temperature
2027-10-02T17:00:00,tb,43.029537200927734,fan_and_spray_on,1,1,critical_high_temperature
2027-10-02T18:00:00,tb,43.29296112060547,fan_and_spray_on,1,1,critical_high_temperature
2027-10-02T19:00:00,tb,43.21072769165039,fan_and_spray_on,1,1,critical_high_temperature
2027-10-02T20:00:00,tb,43.12675476074219,fan_and_spray_on,1,1,critical_high_temperature
2027-10-02T21:00:00,tb,43.290645599365234,fan_and_spray_on,1,1,critical_high_temperature
2027-10-02T22:00:00,tb,43.19744110107422,fan_and_spray_on,1,1,critical_high_temperature
2027-10-02T23:00:00,tb,43.29436492919922,fan_and_spray_on,1,1,critical_high_temperature
2027-10-03T00:00:00,tb,43.24480056762695,fan_and_spray_on,1,1,critical_high_temperature
2027-10-03T01:00:00,tb,43.194366455078125,fan_and_spray_on,1,1,critical_high_temperature
2027-10-03T02:00:00,tb,43.25678253173828,fan_and_spray_on,1,1,critical_high_temperature
2027-10-03T03:00:00,tb,43.246543884277344,fan_and_spray_on,1,1,critical_high_temperature
2027-10-03T04:00:00,tb,43.15845489501953,fan_and_spray_on,1,1,critical_high_temperature
2027-10-03T05:00:00,tb,43.206058502197266,fan_and_spray_on,1,1,critical_high_temperature
2027-10-03T06:00:00,tb,43.26139831542969,fan_and_spray_on,1,1,critical_high_temperature
2027-10-03T07:00:00,tb,43.25809097290039,fan_and_spray_on,1,1,critical_high_temperature
2027-10-03T08:00:00,tb,43.267730712890625,fan_and_spray_on,1,1,critical_high_temperature
2027-10-03T09:00:00,tb,43.1966552734375,fan_and_spray_on,1,1,critical_high_temperature
2027-10-03T10:00:00,tb,43.156028747558594,fan_and_spray_on,1,1,critical_high_temperature
2027-10-03T11:00:00,tb,43.059532165527344,fan_and_spray_on,1,1,critical_high_temperature
2027-10-03T12:00:00,tb,43.075279235839844,fan_and_spray_on,1,1,critical_high_temperature
2027-10-03T13:00:00,tb,43.262298583984375,fan_and_spray_on,1,1,critical_high_temperature
2027-10-03T14:00:00,tb,43.30929946899414,fan_and_spray_on,1,1,critical_high_temperature
2027-10-03T15:00:00,tb,43.223201751708984,fan_and_spray_on,1,1,critical_high_temperature
2027-10-03T16:00:00,tb,43.085269927978516,fan_and_spray_on,1,1,critical_high_temperature
2027-10-03T17:00:00,tb,43.08538818359375,fan_and_spray_on,1,1,critical_high_temperature
2027-10-03T18:00:00,tb,43.15558624267578,fan_and_spray_on,1,1,critical_high_temperature
2027-10-03T19:00:00,tb,43.36778259277344,fan_and_spray_on,1,1,critical_high_temperature
2027-10-03T20:00:00,tb,43.06230163574219,fan_and_spray_on,1,1,critical_high_temperature
2027-10-03T21:00:00,tb,43.3076171875,fan_and_spray_on,1,1,critical_high_temperature
2027-10-03T22:00:00,tb,43.07605743408203,fan_and_spray_on,1,1,critical_high_temperature
2027-10-03T23:00:00,tb,43.212493896484375,fan_and_spray_on,1,1,critical_high_temperature
2027-10-04T00:00:00,tb,43.27912139892578,fan_and_spray_on,1,1,critical_high_temperature
2027-10-04T01:00:00,tb,43.17885971069336,fan_and_spray_on,1,1,critical_high_temperature
2027-10-04T02:00:00,tb,43.22056579589844,fan_and_spray_on,1,1,critical_high_temperature
2027-10-04T03:00:00,tb,43.277320861816406,fan_and_spray_on,1,1,critical_high_temperature
2027-10-04T04:00:00,tb,43.21729278564453,fan_and_spray_on,1,1,critical_high_temperature
2027-10-04T05:00:00,tb,43.29018020629883,fan_and_spray_on,1,1,critical_high_temperature
2027-10-04T06:00:00,tb,43.22465133666992,fan_and_spray_on,1,1,critical_high_temperature
2027-10-04T07:00:00,tb,42.965721130371094,fan_and_spray_on,1,1,critical_high_temperature
2027-10-04T08:00:00,tb,43.08083724975586,fan_and_spray_on,1,1,critical_high_temperature
2027-10-04T09:00:00,tb,43.267921447753906,fan_and_spray_on,1,1,critical_high_temperature
2027-10-04T10:00:00,tb,43.306514739990234,fan_and_spray_on,1,1,critical_high_temperature
2027-10-04T11:00:00,tb,43.21922302246094,fan_and_spray_on,1,1,critical_high_temperature
2027-10-04T12:00:00,tb,43.233551025390625,fan_and_spray_on,1,1,critical_high_temperature
2027-10-04T13:00:00,tb,43.280582427978516,fan_and_spray_on,1,1,critical_high_temperature
2027-10-04T14:00:00,tb,43.10960388183594,fan_and_spray_on,1,1,critical_high_temperature
2027-10-04T15:00:00,tb,43.21284866333008,fan_and_spray_on,1,1,critical_high_temperature
2027-10-04T16:00:00,tb,43.28528594970703,fan_and_spray_on,1,1,critical_high_temperature
2027-10-04T17:00:00,tb,43.0976676940918,fan_and_spray_on,1,1,critical_high_temperature
2027-10-04T18:00:00,tb,43.09467697143555,fan_and_spray_on,1,1,critical_high_temperature
2027-10-04T19:00:00,tb,43.21129608154297,fan_and_spray_on,1,1,critical_high_temperature
2027-10-04T20:00:00,tb,43.21656036376953,fan_and_spray_on,1,1,critical_high_temperature
2027-10-04T21:00:00,tb,43.13468551635742,fan_and_spray_on,1,1,critical_high_temperature
2027-10-04T22:00:00,tb,43.19388961791992,fan_and_spray_on,1,1,critical_high_temperature
2027-10-04T23:00:00,tb,43.21315002441406,fan_and_spray_on,1,1,critical_high_temperature
2027-10-05T00:00:00,tb,43.27757263183594,fan_and_spray_on,1,1,critical_high_temperature
2027-10-05T01:00:00,tb,43.24168395996094,fan_and_spray_on,1,1,critical_high_temperature
2027-10-05T02:00:00,tb,43.07054138183594,fan_and_spray_on,1,1,critical_high_temperature
2027-10-05T03:00:00,tb,43.1357421875,fan_and_spray_on,1,1,critical_high_temperature
2027-10-05T04:00:00,tb,43.19502258300781,fan_and_spray_on,1,1,critical_high_temperature
2027-10-05T05:00:00,tb,43.30312728881836,fan_and_spray_on,1,1,critical_high_temperature
2027-10-05T06:00:00,tb,43.02089309692383,fan_and_spray_on,1,1,critical_high_temperature
2027-10-05T07:00:00,tb,43.262367248535156,fan_and_spray_on,1,1,critical_high_temperature
2027-10-05T08:00:00,tb,43.21134567260742,fan_and_spray_on,1,1,critical_high_temperature
2027-10-05T09:00:00,tb,43.14946746826172,fan_and_spray_on,1,1,critical_high_temperature
2027-10-05T10:00:00,tb,43.24774932861328,fan_and_spray_on,1,1,critical_high_temperature
2027-10-05T11:00:00,tb,43.18130111694336,fan_and_spray_on,1,1,critical_high_temperature
2027-10-05T12:00:00,tb,43.22658920288086,fan_and_spray_on,1,1,critical_high_temperature
2027-10-05T13:00:00,tb,43.1730842590332,fan_and_spray_on,1,1,critical_high_temperature
2027-10-05T14:00:00,tb,43.05532455444336,fan_and_spray_on,1,1,critical_high_temperature
2027-10-05T15:00:00,tb,43.13044738769531,fan_and_spray_on,1,1,critical_high_temperature
2027-10-05T16:00:00,tb,43.23184585571289,fan_and_spray_on,1,1,critical_high_temperature
2027-10-05T17:00:00,tb,43.33298110961914,fan_and_spray_on,1,1,critical_high_temperature
2027-10-05T18:00:00,tb,43.112037658691406,fan_and_spray_on,1,1,critical_high_temperature
2027-10-05T19:00:00,tb,43.156429290771484,fan_and_spray_on,1,1,critical_high_temperature
2027-10-05T20:00:00,tb,43.31667709350586,fan_and_spray_on,1,1,critical_high_temperature
2027-10-05T21:00:00,tb,43.10076141357422,fan_and_spray_on,1,1,critical_high_temperature
2027-10-05T22:00:00,tb,43.2100944519043,fan_and_spray_on,1,1,critical_high_temperature
2027-10-05T23:00:00,tb,43.09796905517578,fan_and_spray_on,1,1,critical_high_temperature
2027-10-06T00:00:00,tb,43.03082275390625,fan_and_spray_on,1,1,critical_high_temperature
2027-10-06T01:00:00,tb,43.22826385498047,fan_and_spray_on,1,1,critical_high_temperature
2027-10-06T02:00:00,tb,43.23066329956055,fan_and_spray_on,1,1,critical_high_temperature
2027-10-06T03:00:00,tb,43.18423080444336,fan_and_spray_on,1,1,critical_high_temperature
2027-10-06T04:00:00,tb,43.34438705444336,fan_and_spray_on,1,1,critical_high_temperature
2027-10-06T05:00:00,tb,43.283103942871094,fan_and_spray_on,1,1,critical_high_temperature
2027-10-06T06:00:00,tb,43.1733283996582,fan_and_spray_on,1,1,critical_high_temperature
2027-10-06T07:00:00,tb,43.327091217041016,fan_and_spray_on,1,1,critical_high_temperature
2027-10-06T08:00:00,tb,43.197635650634766,fan_and_spray_on,1,1,critical_high_temperature
2027-10-06T09:00:00,tb,43.042850494384766,fan_and_spray_on,1,1,critical_high_temperature
2027-10-06T10:00:00,tb,43.12176513671875,fan_and_spray_on,1,1,critical_high_temperature
2027-10-06T11:00:00,tb,43.35859298706055,fan_and_spray_on,1,1,critical_high_temperature
2027-10-06T12:00:00,tb,43.2507438659668,fan_and_spray_on,1,1,critical_high_temperature
2027-10-06T13:00:00,tb,43.032127380371094,fan_and_spray_on,1,1,critical_high_temperature
2027-10-06T14:00:00,tb,43.266326904296875,fan_and_spray_on,1,1,critical_high_temperature
2027-10-06T15:00:00,tb,42.979469299316406,fan_and_spray_on,1,1,critical_high_temperature
2027-10-06T16:00:00,tb,43.26005172729492,fan_and_spray_on,1,1,critical_high_temperature
2027-10-06T17:00:00,tb,43.30343246459961,fan_and_spray_on,1,1,critical_high_temperature
2027-10-06T18:00:00,tb,43.02881622314453,fan_and_spray_on,1,1,critical_high_temperature
2027-10-06T19:00:00,tb,43.285888671875,fan_and_spray_on,1,1,critical_high_temperature
2027-10-06T20:00:00,tb,43.19295883178711,fan_and_spray_on,1,1,critical_high_temperature
2027-10-06T21:00:00,tb,43.16886901855469,fan_and_spray_on,1,1,critical_high_temperature
2027-10-06T22:00:00,tb,43.26161193847656,fan_and_spray_on,1,1,critical_high_temperature
2027-10-06T23:00:00,tb,43.12977981567383,fan_and_spray_on,1,1,critical_high_temperature
2027-10-07T00:00:00,tb,43.257080078125,fan_and_spray_on,1,1,critical_high_temperature
2027-10-07T01:00:00,tb,43.29850769042969,fan_and_spray_on,1,1,critical_high_temperature
2027-10-07T02:00:00,tb,43.2154541015625,fan_and_spray_on,1,1,critical_high_temperature
2027-10-07T03:00:00,tb,43.02548599243164,fan_and_spray_on,1,1,critical_high_temperature
2027-10-07T04:00:00,tb,43.33636474609375,fan_and_spray_on,1,1,critical_high_temperature
2027-10-07T05:00:00,tb,43.31804656982422,fan_and_spray_on,1,1,critical_high_temperature
2027-10-07T06:00:00,tb,43.158477783203125,fan_and_spray_on,1,1,critical_high_temperature
2027-10-07T07:00:00,tb,43.18217086791992,fan_and_spray_on,1,1,critical_high_temperature
2027-10-07T08:00:00,tb,43.207801818847656,fan_and_spray_on,1,1,critical_high_temperature
2027-10-07T09:00:00,tb,43.240211486816406,fan_and_spray_on,1,1,critical_high_temperature
2027-10-07T10:00:00,tb,43.185726165771484,fan_and_spray_on,1,1,critical_high_temperature
2027-10-07T11:00:00,tb,43.258514404296875,fan_and_spray_on,1,1,critical_high_temperature
2027-10-07T12:00:00,tb,43.2380256652832,fan_and_spray_on,1,1,critical_high_temperature
2027-10-07T13:00:00,tb,43.01810073852539,fan_and_spray_on,1,1,critical_high_temperature
2027-10-07T14:00:00,tb,43.21782302856445,fan_and_spray_on,1,1,critical_high_temperature
2027-10-07T15:00:00,tb,43.373512268066406,fan_and_spray_on,1,1,critical_high_temperature
2027-10-07T16:00:00,tb,43.28667449951172,fan_and_spray_on,1,1,critical_high_temperature
2027-10-07T17:00:00,tb,43.09832763671875,fan_and_spray_on,1,1,critical_high_temperature
2027-10-07T18:00:00,tb,43.227325439453125,fan_and_spray_on,1,1,critical_high_temperature
2027-10-07T19:00:00,tb,43.232521057128906,fan_and_spray_on,1,1,critical_high_temperature
2027-10-07T20:00:00,tb,43.246028900146484,fan_and_spray_on,1,1,critical_high_temperature
2027-10-07T21:00:00,tb,43.27825164794922,fan_and_spray_on,1,1,critical_high_temperature
2027-10-07T22:00:00,tb,43.295997619628906,fan_and_spray_on,1,1,critical_high_temperature
2027-10-07T23:00:00,tb,43.29745101928711,fan_and_spray_on,1,1,critical_high_temperature
2027-10-08T00:00:00,tb,43.17536544799805,fan_and_spray_on,1,1,critical_high_temperature
2027-10-08T01:00:00,tb,43.22238540649414,fan_and_spray_on,1,1,critical_high_temperature
2027-10-08T02:00:00,tb,43.29970169067383,fan_and_spray_on,1,1,critical_high_temperature
2027-10-08T03:00:00,tb,43.19005584716797,fan_and_spray_on,1,1,critical_high_temperature
2027-10-08T04:00:00,tb,43.12830352783203,fan_and_spray_on,1,1,critical_high_temperature
2027-10-08T05:00:00,tb,43.199214935302734,fan_and_spray_on,1,1,critical_high_temperature
2027-10-08T06:00:00,tb,43.30656433105469,fan_and_spray_on,1,1,critical_high_temperature
2027-10-08T07:00:00,tb,43.03096008300781,fan_and_spray_on,1,1,critical_high_temperature
2027-10-08T08:00:00,tb,43.21992874145508,fan_and_spray_on,1,1,critical_high_temperature
2027-10-08T09:00:00,tb,43.081321716308594,fan_and_spray_on,1,1,critical_high_temperature
2027-10-08T10:00:00,tb,43.04308319091797,fan_and_spray_on,1,1,critical_high_temperature
2027-10-08T11:00:00,tb,43.29834747314453,fan_and_spray_on,1,1,critical_high_temperature
2027-10-08T12:00:00,tb,43.32465744018555,fan_and_spray_on,1,1,critical_high_temperature
2027-10-08T13:00:00,tb,43.224365234375,fan_and_spray_on,1,1,critical_high_temperature
2027-10-08T14:00:00,tb,43.111305236816406,fan_and_spray_on,1,1,critical_high_temperature
2027-10-08T15:00:00,tb,43.24069595336914,fan_and_spray_on,1,1,critical_high_temperature
2027-10-08T16:00:00,tb,43.220794677734375,fan_and_spray_on,1,1,critical_high_temperature
2027-10-08T17:00:00,tb,43.224212646484375,fan_and_spray_on,1,1,critical_high_temperature
2027-10-08T18:00:00,tb,43.125396728515625,fan_and_spray_on,1,1,critical_high_temperature
2027-10-08T19:00:00,tb,43.27666091918945,fan_and_spray_on,1,1,critical_high_temperature
2027-10-08T20:00:00,tb,43.172630310058594,fan_and_spray_on,1,1,critical_high_temperature
2027-10-08T21:00:00,tb,43.17921829223633,fan_and_spray_on,1,1,critical_high_temperature
2027-10-08T22:00:00,tb,43.08007049560547,fan_and_spray_on,1,1,critical_high_temperature
2027-10-08T23:00:00,tb,43.163211822509766,fan_and_spray_on,1,1,critical_high_temperature
2027-10-09T00:00:00,tb,43.13492965698242,fan_and_spray_on,1,1,critical_high_temperature
2027-10-09T01:00:00,tb,43.22905349731445,fan_and_spray_on,1,1,critical_high_temperature
2027-10-09T02:00:00,tb,43.08919143676758,fan_and_spray_on,1,1,critical_high_temperature
2027-10-09T03:00:00,tb,43.09763717651367,fan_and_spray_on,1,1,critical_high_temperature
2027-10-09T04:00:00,tb,43.11265563964844,fan_and_spray_on,1,1,critical_high_temperature
2027-10-09T05:00:00,tb,43.253211975097656,fan_and_spray_on,1,1,critical_high_temperature
2027-10-09T06:00:00,tb,43.18937683105469,fan_and_spray_on,1,1,critical_high_temperature
2027-10-09T07:00:00,tb,43.219627380371094,fan_and_spray_on,1,1,critical_high_temperature
2027-10-09T08:00:00,tb,43.15544891357422,fan_and_spray_on,1,1,critical_high_temperature
2027-10-09T09:00:00,tb,43.09720993041992,fan_and_spray_on,1,1,critical_high_temperature
2027-10-09T10:00:00,tb,43.27457809448242,fan_and_spray_on,1,1,critical_high_temperature
2027-10-09T11:00:00,tb,43.241737365722656,fan_and_spray_on,1,1,critical_high_temperature
2027-10-09T12:00:00,tb,43.07820129394531,fan_and_spray_on,1,1,critical_high_temperature
2027-10-09T13:00:00,tb,43.30253601074219,fan_and_spray_on,1,1,critical_high_temperature
2027-10-09T14:00:00,tb,43.28947067260742,fan_and_spray_on,1,1,critical_high_temperature
2027-10-09T15:00:00,tb,43.09050750732422,fan_and_spray_on,1,1,critical_high_temperature
2027-10-09T16:00:00,tb,43.23910140991211,fan_and_spray_on,1,1,critical_high_temperature
2027-10-09T17:00:00,tb,43.19573211669922,fan_and_spray_on,1,1,critical_high_temperature
2027-10-09T18:00:00,tb,43.367557525634766,fan_and_spray_on,1,1,critical_high_temperature
2027-10-09T19:00:00,tb,43.22854995727539,fan_and_spray_on,1,1,critical_high_temperature
2027-10-09T20:00:00,tb,43.20866775512695,fan_and_spray_on,1,1,critical_high_temperature
2027-10-09T21:00:00,tb,43.16045379638672,fan_and_spray_on,1,1,critical_high_temperature
2027-10-09T22:00:00,tb,43.12009811401367,fan_and_spray_on,1,1,critical_high_temperature
2027-10-09T23:00:00,tb,43.09978485107422,fan_and_spray_on,1,1,critical_high_temperature
2027-10-10T00:00:00,tb,43.25413131713867,fan_and_spray_on,1,1,critical_high_temperature
2027-10-10T01:00:00,tb,43.346458435058594,fan_and_spray_on,1,1,critical_high_temperature
2027-10-10T02:00:00,tb,43.020748138427734,fan_and_spray_on,1,1,critical_high_temperature
2027-10-10T03:00:00,tb,43.13604736328125,fan_and_spray_on,1,1,critical_high_temperature
2027-10-10T04:00:00,tb,43.26669692993164,fan_and_spray_on,1,1,critical_high_temperature
2027-10-10T05:00:00,tb,43.391414642333984,fan_and_spray_on,1,1,critical_high_temperature
2027-10-10T06:00:00,tb,43.02698516845703,fan_and_spray_on,1,1,critical_high_temperature
2027-10-10T07:00:00,tb,43.255126953125,fan_and_spray_on,1,1,critical_high_temperature
2027-10-10T08:00:00,tb,43.249908447265625,fan_and_spray_on,1,1,critical_high_temperature
2027-10-10T09:00:00,tb,43.01911926269531,fan_and_spray_on,1,1,critical_high_temperature
2027-10-10T10:00:00,tb,43.275970458984375,fan_and_spray_on,1,1,critical_high_temperature
2027-10-10T11:00:00,tb,43.193321228027344,fan_and_spray_on,1,1,critical_high_temperature
2027-10-10T12:00:00,tb,43.05079650878906,fan_and_spray_on,1,1,critical_high_temperature
2027-10-10T13:00:00,tb,43.32609939575195,fan_and_spray_on,1,1,critical_high_temperature
2027-10-10T14:00:00,tb,43.30233383178711,fan_and_spray_on,1,1,critical_high_temperature
2027-10-10T15:00:00,tb,43.057979583740234,fan_and_spray_on,1,1,critical_high_temperature
2027-10-10T16:00:00,tb,43.212398529052734,fan_and_spray_on,1,1,critical_high_temperature
2027-10-10T17:00:00,tb,43.09358596801758,fan_and_spray_on,1,1,critical_high_temperature
2027-10-10T18:00:00,tb,43.33609390258789,fan_and_spray_on,1,1,critical_high_temperature
2027-10-10T19:00:00,tb,43.21066665649414,fan_and_spray_on,1,1,critical_high_temperature
2027-10-10T20:00:00,tb,43.16297912597656,fan_and_spray_on,1,1,critical_high_temperature
2027-10-10T21:00:00,tb,43.06575393676758,fan_and_spray_on,1,1,critical_high_temperature
2027-10-10T22:00:00,tb,43.22161865234375,fan_and_spray_on,1,1,critical_high_temperature
2027-10-10T23:00:00,tb,43.322261810302734,fan_and_spray_on,1,1,critical_high_temperature
2027-10-11T00:00:00,tb,43.09567642211914,fan_and_spray_on,1,1,critical_high_temperature
2027-10-11T01:00:00,tb,43.15060806274414,fan_and_spray_on,1,1,critical_high_temperature
2027-10-11T02:00:00,tb,43.13402557373047,fan_and_spray_on,1,1,critical_high_temperature
2027-10-11T03:00:00,tb,43.294132232666016,fan_and_spray_on,1,1,critical_high_temperature
2027-10-11T04:00:00,tb,43.099769592285156,fan_and_spray_on,1,1,critical_high_temperature
2027-10-11T05:00:00,tb,43.23678207397461,fan_and_spray_on,1,1,critical_high_temperature
2027-10-11T06:00:00,tb,43.236228942871094,fan_and_spray_on,1,1,critical_high_temperature
2027-10-11T07:00:00,tb,43.06834030151367,fan_and_spray_on,1,1,critical_high_temperature
2027-10-11T08:00:00,tb,43.312965393066406,fan_and_spray_on,1,1,critical_high_temperature
2027-10-11T09:00:00,tb,43.174827575683594,fan_and_spray_on,1,1,critical_high_temperature
2027-10-11T10:00:00,tb,43.201385498046875,fan_and_spray_on,1,1,critical_high_temperature
2027-10-11T11:00:00,tb,43.16341018676758,fan_and_spray_on,1,1,critical_high_temperature
2027-10-11T12:00:00,tb,42.98698425292969,fan_and_spray_on,1,1,critical_high_temperature
2027-10-11T13:00:00,tb,43.260440826416016,fan_and_spray_on,1,1,critical_high_temperature
2027-10-11T14:00:00,tb,43.30427551269531,fan_and_spray_on,1,1,critical_high_temperature
2027-10-11T15:00:00,tb,43.195770263671875,fan_and_spray_on,1,1,critical_high_temperature
2027-10-11T16:00:00,tb,43.019920349121094,fan_and_spray_on,1,1,critical_high_temperature
2027-10-11T17:00:00,tb,43.258567810058594,fan_and_spray_on,1,1,critical_high_temperature
2027-10-11T18:00:00,tb,43.31777572631836,fan_and_spray_on,1,1,critical_high_temperature
2027-10-11T19:00:00,tb,43.203041076660156,fan_and_spray_on,1,1,critical_high_temperature
2027-10-11T20:00:00,tb,43.228363037109375,fan_and_spray_on,1,1,critical_high_temperature
2027-10-11T21:00:00,tb,43.1773681640625,fan_and_spray_on,1,1,critical_high_temperature
2027-10-11T22:00:00,tb,43.2153434753418,fan_and_spray_on,1,1,critical_high_temperature
2027-10-11T23:00:00,tb,43.13300323486328,fan_and_spray_on,1,1,critical_high_temperature
2027-10-12T00:00:00,tb,43.2811279296875,fan_and_spray_on,1,1,critical_high_temperature
2027-10-12T01:00:00,tb,43.13992691040039,fan_and_spray_on,1,1,critical_high_temperature
2027-10-12T02:00:00,tb,43.29330062866211,fan_and_spray_on,1,1,critical_high_temperature
2027-10-12T03:00:00,tb,43.158756256103516,fan_and_spray_on,1,1,critical_high_temperature
2027-10-12T04:00:00,tb,43.215728759765625,fan_and_spray_on,1,1,critical_high_temperature
2027-10-12T05:00:00,tb,43.12096405029297,fan_and_spray_on,1,1,critical_high_temperature
2027-10-12T06:00:00,tb,43.0472526550293,fan_and_spray_on,1,1,critical_high_temperature
2027-10-12T07:00:00,tb,43.2292366027832,fan_and_spray_on,1,1,critical_high_temperature
2027-10-12T08:00:00,tb,43.16694259643555,fan_and_spray_on,1,1,critical_high_temperature
2027-10-12T09:00:00,tb,43.147621154785156,fan_and_spray_on,1,1,critical_high_temperature
2027-10-12T10:00:00,tb,43.15375518798828,fan_and_spray_on,1,1,critical_high_temperature
2027-10-12T11:00:00,tb,43.089378356933594,fan_and_spray_on,1,1,critical_high_temperature
2027-10-12T12:00:00,tb,43.34540557861328,fan_and_spray_on,1,1,critical_high_temperature
2027-10-12T13:00:00,tb,43.349674224853516,fan_and_spray_on,1,1,critical_high_temperature
2027-10-12T14:00:00,tb,43.313804626464844,fan_and_spray_on,1,1,critical_high_temperature
2027-10-12T15:00:00,tb,43.10295104980469,fan_and_spray_on,1,1,critical_high_temperature
2027-10-12T16:00:00,tb,43.08919143676758,fan_and_spray_on,1,1,critical_high_temperature
2027-10-12T17:00:00,tb,43.288021087646484,fan_and_spray_on,1,1,critical_high_temperature
2027-10-12T18:00:00,tb,43.151145935058594,fan_and_spray_on,1,1,critical_high_temperature
2027-10-12T19:00:00,tb,42.90980529785156,fan_and_spray_on,1,1,critical_high_temperature
2027-10-12T20:00:00,tb,43.24053192138672,fan_and_spray_on,1,1,critical_high_temperature
2027-10-12T21:00:00,tb,43.18431091308594,fan_and_spray_on,1,1,critical_high_temperature
2027-10-12T22:00:00,tb,43.31968688964844,fan_and_spray_on,1,1,critical_high_temperature
2027-10-12T23:00:00,tb,43.26004409790039,fan_and_spray_on,1,1,critical_high_temperature
2027-10-13T00:00:00,tb,43.011905670166016,fan_and_spray_on,1,1,critical_high_temperature
2027-10-13T01:00:00,tb,43.13606262207031,fan_and_spray_on,1,1,critical_high_temperature
2027-10-13T02:00:00,tb,43.345638275146484,fan_and_spray_on,1,1,critical_high_temperature
2027-10-13T03:00:00,tb,43.03607940673828,fan_and_spray_on,1,1,critical_high_temperature
2027-10-13T04:00:00,tb,43.22182846069336,fan_and_spray_on,1,1,critical_high_temperature
2027-10-13T05:00:00,tb,43.25705337524414,fan_and_spray_on,1,1,critical_high_temperature
2027-10-13T06:00:00,tb,43.261146545410156,fan_and_spray_on,1,1,critical_high_temperature
2027-10-13T07:00:00,tb,43.278743743896484,fan_and_spray_on,1,1,critical_high_temperature
2027-10-13T08:00:00,tb,43.08206558227539,fan_and_spray_on,1,1,critical_high_temperature
2027-10-13T09:00:00,tb,43.26206970214844,fan_and_spray_on,1,1,critical_high_temperature
2027-10-13T10:00:00,tb,43.17438888549805,fan_and_spray_on,1,1,critical_high_temperature
2027-10-13T11:00:00,tb,43.066768646240234,fan_and_spray_on,1,1,critical_high_temperature
2027-10-13T12:00:00,tb,43.2393798828125,fan_and_spray_on,1,1,critical_high_temperature
2027-10-13T13:00:00,tb,43.14678192138672,fan_and_spray_on,1,1,critical_high_temperature
2027-10-13T14:00:00,tb,43.280086517333984,fan_and_spray_on,1,1,critical_high_temperature
2027-10-13T15:00:00,tb,43.236087799072266,fan_and_spray_on,1,1,critical_high_temperature
2027-10-13T16:00:00,tb,43.049034118652344,fan_and_spray_on,1,1,critical_high_temperature
2027-10-13T17:00:00,tb,43.347023010253906,fan_and_spray_on,1,1,critical_high_temperature
2027-10-13T18:00:00,tb,43.35305404663086,fan_and_spray_on,1,1,critical_high_temperature
2027-10-13T19:00:00,tb,43.211151123046875,fan_and_spray_on,1,1,critical_high_temperature
2027-10-13T20:00:00,tb,43.20359420776367,fan_and_spray_on,1,1,critical_high_temperature
2027-10-13T21:00:00,tb,43.085411071777344,fan_and_spray_on,1,1,critical_high_temperature
2027-10-13T22:00:00,tb,43.25953674316406,fan_and_spray_on,1,1,critical_high_temperature
2027-10-13T23:00:00,tb,43.18791198730469,fan_and_spray_on,1,1,critical_high_temperature
2027-10-14T00:00:00,tb,43.000244140625,fan_and_spray_on,1,1,critical_high_temperature
2027-10-14T01:00:00,tb,43.10503387451172,fan_and_spray_on,1,1,critical_high_temperature
2027-10-14T02:00:00,tb,43.26377487182617,fan_and_spray_on,1,1,critical_high_temperature
2027-10-14T03:00:00,tb,43.19474792480469,fan_and_spray_on,1,1,critical_high_temperature
2027-10-14T04:00:00,tb,43.12003707885742,fan_and_spray_on,1,1,critical_high_temperature
2027-10-14T05:00:00,tb,43.21202850341797,fan_and_spray_on,1,1,critical_high_temperature
2027-10-14T06:00:00,tb,43.32468032836914,fan_and_spray_on,1,1,critical_high_temperature
2027-10-14T07:00:00,tb,43.25711441040039,fan_and_spray_on,1,1,critical_high_temperature
2027-10-14T08:00:00,tb,43.224853515625,fan_and_spray_on,1,1,critical_high_temperature
2027-10-14T09:00:00,tb,43.20500564575195,fan_and_spray_on,1,1,critical_high_temperature
2027-10-14T10:00:00,tb,43.12324142456055,fan_and_spray_on,1,1,critical_high_temperature
2027-10-14T11:00:00,tb,43.13542556762695,fan_and_spray_on,1,1,critical_high_temperature
2027-10-14T12:00:00,tb,43.268978118896484,fan_and_spray_on,1,1,critical_high_temperature
2027-10-14T13:00:00,tb,43.28050994873047,fan_and_spray_on,1,1,critical_high_temperature
2027-10-14T14:00:00,tb,43.2432861328125,fan_and_spray_on,1,1,critical_high_temperature
2027-10-14T15:00:00,tb,43.186588287353516,fan_and_spray_on,1,1,critical_high_temperature
2027-10-14T16:00:00,tb,43.250728607177734,fan_and_spray_on,1,1,critical_high_temperature
2027-10-14T17:00:00,tb,43.23158264160156,fan_and_spray_on,1,1,critical_high_temperature
2027-10-14T18:00:00,tb,43.10921096801758,fan_and_spray_on,1,1,critical_high_temperature
2027-10-14T19:00:00,tb,43.08848571777344,fan_and_spray_on,1,1,critical_high_temperature
2027-10-14T20:00:00,tb,43.19568634033203,fan_and_spray_on,1,1,critical_high_temperature
2027-10-14T21:00:00,tb,43.084442138671875,fan_and_spray_on,1,1,critical_high_temperature
2027-10-14T22:00:00,tb,43.239471435546875,fan_and_spray_on,1,1,critical_high_temperature
2027-10-14T23:00:00,tb,43.23540115356445,fan_and_spray_on,1,1,critical_high_temperature
2027-10-15T00:00:00,tb,43.06064987182617,fan_and_spray_on,1,1,critical_high_temperature
2027-10-15T01:00:00,tb,43.27714920043945,fan_and_spray_on,1,1,critical_high_temperature
2027-10-15T02:00:00,tb,43.257240295410156,fan_and_spray_on,1,1,critical_high_temperature
2027-10-15T03:00:00,tb,43.226951599121094,fan_and_spray_on,1,1,critical_high_temperature
2027-10-15T04:00:00,tb,43.16546630859375,fan_and_spray_on,1,1,critical_high_temperature
2027-10-15T05:00:00,tb,43.23576354980469,fan_and_spray_on,1,1,critical_high_temperature
2027-10-15T06:00:00,tb,43.123111724853516,fan_and_spray_on,1,1,critical_high_temperature
2027-10-15T07:00:00,tb,43.25398635864258,fan_and_spray_on,1,1,critical_high_temperature
2027-10-15T08:00:00,tb,43.155723571777344,fan_and_spray_on,1,1,critical_high_temperature
2027-10-15T09:00:00,tb,43.1395378112793,fan_and_spray_on,1,1,critical_high_temperature
2027-10-15T10:00:00,tb,43.21644973754883,fan_and_spray_on,1,1,critical_high_temperature
2027-10-15T11:00:00,tb,43.273170471191406,fan_and_spray_on,1,1,critical_high_temperature
2027-10-15T12:00:00,tb,43.08415985107422,fan_and_spray_on,1,1,critical_high_temperature
2027-10-15T13:00:00,tb,43.088199615478516,fan_and_spray_on,1,1,critical_high_temperature
2027-10-15T14:00:00,tb,43.26805114746094,fan_and_spray_on,1,1,critical_high_temperature
2027-10-15T15:00:00,tb,43.27423858642578,fan_and_spray_on,1,1,critical_high_temperature
2027-10-15T16:00:00,tb,43.26470947265625,fan_and_spray_on,1,1,critical_high_temperature
2027-10-15T17:00:00,tb,43.220882415771484,fan_and_spray_on,1,1,critical_high_temperature
2027-10-15T18:00:00,tb,43.165740966796875,fan_and_spray_on,1,1,critical_high_temperature
2027-10-15T19:00:00,tb,43.142704010009766,fan_and_spray_on,1,1,critical_high_temperature
2027-10-15T20:00:00,tb,43.152320861816406,fan_and_spray_on,1,1,critical_high_temperature
2027-10-15T21:00:00,tb,43.10532760620117,fan_and_spray_on,1,1,critical_high_temperature
2027-10-15T22:00:00,tb,43.195735931396484,fan_and_spray_on,1,1,critical_high_temperature
2027-10-15T23:00:00,tb,43.36156463623047,fan_and_spray_on,1,1,critical_high_temperature
2027-10-16T00:00:00,tb,43.15444564819336,fan_and_spray_on,1,1,critical_high_temperature
2027-10-16T01:00:00,tb,43.136634826660156,fan_and_spray_on,1,1,critical_high_temperature
2027-10-16T02:00:00,tb,43.20130157470703,fan_and_spray_on,1,1,critical_high_temperature
2027-10-16T03:00:00,tb,43.163726806640625,fan_and_spray_on,1,1,critical_high_temperature
2027-10-16T04:00:00,tb,43.24375534057617,fan_and_spray_on,1,1,critical_high_temperature
2027-10-16T05:00:00,tb,43.055877685546875,fan_and_spray_on,1,1,critical_high_temperature
2027-10-16T06:00:00,tb,43.17208480834961,fan_and_spray_on,1,1,critical_high_temperature
2027-10-16T07:00:00,tb,43.165035247802734,fan_and_spray_on,1,1,critical_high_temperature
2027-10-16T08:00:00,tb,43.27070999145508,fan_and_spray_on,1,1,critical_high_temperature
2027-10-16T09:00:00,tb,43.07554626464844,fan_and_spray_on,1,1,critical_high_temperature
2027-10-16T10:00:00,tb,43.2212028503418,fan_and_spray_on,1,1,critical_high_temperature
2027-10-16T11:00:00,tb,43.213077545166016,fan_and_spray_on,1,1,critical_high_temperature
2027-10-16T12:00:00,tb,43.11180114746094,fan_and_spray_on,1,1,critical_high_temperature
2027-10-16T13:00:00,tb,43.10883712768555,fan_and_spray_on,1,1,critical_high_temperature
2027-10-16T14:00:00,tb,43.02364730834961,fan_and_spray_on,1,1,critical_high_temperature
2027-10-16T15:00:00,tb,43.29229736328125,fan_and_spray_on,1,1,critical_high_temperature
2027-10-16T16:00:00,tb,43.290321350097656,fan_and_spray_on,1,1,critical_high_temperature
2027-10-16T17:00:00,tb,43.12224578857422,fan_and_spray_on,1,1,critical_high_temperature
2027-10-16T18:00:00,tb,43.26332473754883,fan_and_spray_on,1,1,critical_high_temperature
2027-10-16T19:00:00,tb,43.2418212890625,fan_and_spray_on,1,1,critical_high_temperature
2027-10-16T20:00:00,tb,43.28997039794922,fan_and_spray_on,1,1,critical_high_temperature
2027-10-16T21:00:00,tb,43.0451774597168,fan_and_spray_on,1,1,critical_high_temperature
2027-10-16T22:00:00,tb,43.070926666259766,fan_and_spray_on,1,1,critical_high_temperature
2027-10-16T23:00:00,tb,43.35810852050781,fan_and_spray_on,1,1,critical_high_temperature
2027-10-17T00:00:00,tb,43.21064758300781,fan_and_spray_on,1,1,critical_high_temperature
2027-10-17T01:00:00,tb,43.07050323486328,fan_and_spray_on,1,1,critical_high_temperature
2027-10-17T02:00:00,tb,43.19524383544922,fan_and_spray_on,1,1,critical_high_temperature
2027-10-17T03:00:00,tb,43.069183349609375,fan_and_spray_on,1,1,critical_high_temperature
2027-10-17T04:00:00,tb,43.27265930175781,fan_and_spray_on,1,1,critical_high_temperature
2027-10-17T05:00:00,tb,43.24345397949219,fan_and_spray_on,1,1,critical_high_temperature
2027-10-17T06:00:00,tb,43.26028060913086,fan_and_spray_on,1,1,critical_high_temperature
2027-10-17T07:00:00,tb,43.00565719604492,fan_and_spray_on,1,1,critical_high_temperature
2027-10-17T08:00:00,tb,43.22304916381836,fan_and_spray_on,1,1,critical_high_temperature
2027-10-17T09:00:00,tb,43.26579666137695,fan_and_spray_on,1,1,critical_high_temperature
2027-10-17T10:00:00,tb,43.25788497924805,fan_and_spray_on,1,1,critical_high_temperature
2027-10-17T11:00:00,tb,42.99488067626953,fan_and_spray_on,1,1,critical_high_temperature
2027-10-17T12:00:00,tb,43.20949935913086,fan_and_spray_on,1,1,critical_high_temperature
2027-10-17T13:00:00,tb,43.126380920410156,fan_and_spray_on,1,1,critical_high_temperature
2027-10-17T14:00:00,tb,43.274539947509766,fan_and_spray_on,1,1,critical_high_temperature
2027-10-17T15:00:00,tb,43.123905181884766,fan_and_spray_on,1,1,critical_high_temperature
2027-10-17T16:00:00,tb,43.15666961669922,fan_and_spray_on,1,1,critical_high_temperature
2027-10-17T17:00:00,tb,43.030792236328125,fan_and_spray_on,1,1,critical_high_temperature
2027-10-17T18:00:00,tb,43.28861618041992,fan_and_spray_on,1,1,critical_high_temperature
2027-10-17T19:00:00,tb,43.27146911621094,fan_and_spray_on,1,1,critical_high_temperature
2027-10-17T20:00:00,tb,43.04711151123047,fan_and_spray_on,1,1,critical_high_temperature
2027-10-17T21:00:00,tb,43.294517517089844,fan_and_spray_on,1,1,critical_high_temperature
2027-10-17T22:00:00,tb,43.18086242675781,fan_and_spray_on,1,1,critical_high_temperature
2027-10-17T23:00:00,tb,43.23646545410156,fan_and_spray_on,1,1,critical_high_temperature
2027-10-18T00:00:00,tb,43.21860885620117,fan_and_spray_on,1,1,critical_high_temperature
2027-10-18T01:00:00,tb,43.320350646972656,fan_and_spray_on,1,1,critical_high_temperature
2027-10-18T02:00:00,tb,43.26716613769531,fan_and_spray_on,1,1,critical_high_temperature
2027-10-18T03:00:00,tb,43.203983306884766,fan_and_spray_on,1,1,critical_high_temperature
2027-10-18T04:00:00,tb,43.30604553222656,fan_and_spray_on,1,1,critical_high_temperature
2027-10-18T05:00:00,tb,43.11201095581055,fan_and_spray_on,1,1,critical_high_temperature
2027-10-18T06:00:00,tb,43.28818130493164,fan_and_spray_on,1,1,critical_high_temperature
2027-10-18T07:00:00,tb,43.14064025878906,fan_and_spray_on,1,1,critical_high_temperature
2027-10-18T08:00:00,tb,43.23483657836914,fan_and_spray_on,1,1,critical_high_temperature
2027-10-18T09:00:00,tb,43.149497985839844,fan_and_spray_on,1,1,critical_high_temperature
2027-10-18T10:00:00,tb,43.252220153808594,fan_and_spray_on,1,1,critical_high_temperature
2027-10-18T11:00:00,tb,43.27663803100586,fan_and_spray_on,1,1,critical_high_temperature
2027-10-18T12:00:00,tb,43.04037857055664,fan_and_spray_on,1,1,critical_high_temperature
2027-10-18T13:00:00,tb,43.22099685668945,fan_and_spray_on,1,1,critical_high_temperature
2027-10-18T14:00:00,tb,43.15522003173828,fan_and_spray_on,1,1,critical_high_temperature
2027-10-18T15:00:00,tb,43.28468322753906,fan_and_spray_on,1,1,critical_high_temperature
2027-10-18T16:00:00,tb,43.267581939697266,fan_and_spray_on,1,1,critical_high_temperature
2027-10-18T17:00:00,tb,43.00529098510742,fan_and_spray_on,1,1,critical_high_temperature
2027-10-18T18:00:00,tb,43.182891845703125,fan_and_spray_on,1,1,critical_high_temperature
2027-10-18T19:00:00,tb,43.23868942260742,fan_and_spray_on,1,1,critical_high_temperature
2027-10-18T20:00:00,tb,43.2097282409668,fan_and_spray_on,1,1,critical_high_temperature
2027-10-18T21:00:00,tb,43.20802307128906,fan_and_spray_on,1,1,critical_high_temperature
2027-10-18T22:00:00,tb,43.10193634033203,fan_and_spray_on,1,1,critical_high_temperature
2027-10-18T23:00:00,tb,43.09368896484375,fan_and_spray_on,1,1,critical_high_temperature
2027-10-19T00:00:00,tb,43.22748565673828,fan_and_spray_on,1,1,critical_high_temperature
2027-10-19T01:00:00,tb,43.2998046875,fan_and_spray_on,1,1,critical_high_temperature
2027-10-19T02:00:00,tb,43.25445556640625,fan_and_spray_on,1,1,critical_high_temperature
2027-10-19T03:00:00,tb,43.18947219848633,fan_and_spray_on,1,1,critical_high_temperature
2027-10-19T04:00:00,tb,43.268211364746094,fan_and_spray_on,1,1,critical_high_temperature
2027-10-19T05:00:00,tb,43.16303253173828,fan_and_spray_on,1,1,critical_high_temperature
2027-10-19T06:00:00,tb,43.265113830566406,fan_and_spray_on,1,1,critical_high_temperature
2027-10-19T07:00:00,tb,43.247520446777344,fan_and_spray_on,1,1,critical_high_temperature
2027-10-19T08:00:00,tb,43.21403503417969,fan_and_spray_on,1,1,critical_high_temperature
2027-10-19T09:00:00,tb,43.30666732788086,fan_and_spray_on,1,1,critical_high_temperature
2027-10-19T10:00:00,tb,43.29009246826172,fan_and_spray_on,1,1,critical_high_temperature
2027-10-19T11:00:00,tb,43.2306022644043,fan_and_spray_on,1,1,critical_high_temperature
2027-10-19T12:00:00,tb,43.23674392700195,fan_and_spray_on,1,1,critical_high_temperature
2027-10-19T13:00:00,tb,43.03401565551758,fan_and_spray_on,1,1,critical_high_temperature
2027-10-19T14:00:00,tb,43.19377136230469,fan_and_spray_on,1,1,critical_high_temperature
2027-10-19T15:00:00,tb,43.243370056152344,fan_and_spray_on,1,1,critical_high_temperature
2027-10-19T16:00:00,tb,43.24781036376953,fan_and_spray_on,1,1,critical_high_temperature
2027-10-19T17:00:00,tb,43.18370819091797,fan_and_spray_on,1,1,critical_high_temperature
2027-10-19T18:00:00,tb,43.20321273803711,fan_and_spray_on,1,1,critical_high_temperature
2027-10-19T19:00:00,tb,43.2193603515625,fan_and_spray_on,1,1,critical_high_temperature
2027-10-19T20:00:00,tb,43.21803283691406,fan_and_spray_on,1,1,critical_high_temperature
2027-10-19T21:00:00,tb,43.175071716308594,fan_and_spray_on,1,1,critical_high_temperature
2027-10-19T22:00:00,tb,43.32170486450195,fan_and_spray_on,1,1,critical_high_temperature
2027-10-19T23:00:00,tb,43.22761535644531,fan_and_spray_on,1,1,critical_high_temperature
2027-10-20T00:00:00,tb,43.25777816772461,fan_and_spray_on,1,1,critical_high_temperature
2027-10-20T01:00:00,tb,43.285953521728516,fan_and_spray_on,1,1,critical_high_temperature
2027-10-20T02:00:00,tb,43.08753967285156,fan_and_spray_on,1,1,critical_high_temperature
2027-10-20T03:00:00,tb,43.212955474853516,fan_and_spray_on,1,1,critical_high_temperature
2027-10-20T04:00:00,tb,43.190284729003906,fan_and_spray_on,1,1,critical_high_temperature
2027-10-20T05:00:00,tb,43.064659118652344,fan_and_spray_on,1,1,critical_high_temperature
2027-10-20T06:00:00,tb,43.28744888305664,fan_and_spray_on,1,1,critical_high_temperature
2027-10-20T07:00:00,tb,43.088260650634766,fan_and_spray_on,1,1,critical_high_temperature
2027-10-20T08:00:00,tb,43.24763488769531,fan_and_spray_on,1,1,critical_high_temperature
2027-10-20T09:00:00,tb,43.25554656982422,fan_and_spray_on,1,1,critical_high_temperature
2027-10-20T10:00:00,tb,43.2248649597168,fan_and_spray_on,1,1,critical_high_temperature
2027-10-20T11:00:00,tb,43.072731018066406,fan_and_spray_on,1,1,critical_high_temperature
2027-10-20T12:00:00,tb,43.21757507324219,fan_and_spray_on,1,1,critical_high_temperature
2027-10-20T13:00:00,tb,43.25951385498047,fan_and_spray_on,1,1,critical_high_temperature
2027-10-20T14:00:00,tb,43.28179931640625,fan_and_spray_on,1,1,critical_high_temperature
2027-10-20T15:00:00,tb,43.2274169921875,fan_and_spray_on,1,1,critical_high_temperature
2027-10-20T16:00:00,tb,43.15141296386719,fan_and_spray_on,1,1,critical_high_temperature
2027-10-20T17:00:00,tb,43.08942413330078,fan_and_spray_on,1,1,critical_high_temperature
2027-10-20T18:00:00,tb,43.23085403442383,fan_and_spray_on,1,1,critical_high_temperature
2027-10-20T19:00:00,tb,43.108985900878906,fan_and_spray_on,1,1,critical_high_temperature
2027-10-20T20:00:00,tb,43.18034362792969,fan_and_spray_on,1,1,critical_high_temperature
2027-10-20T21:00:00,tb,43.30262756347656,fan_and_spray_on,1,1,critical_high_temperature
2027-10-20T22:00:00,tb,43.195716857910156,fan_and_spray_on,1,1,critical_high_temperature
2027-10-20T23:00:00,tb,43.040199279785156,fan_and_spray_on,1,1,critical_high_temperature
2027-10-21T00:00:00,tb,43.29804229736328,fan_and_spray_on,1,1,critical_high_temperature
2027-10-21T01:00:00,tb,43.203125,fan_and_spray_on,1,1,critical_high_temperature
2027-10-21T02:00:00,tb,43.181522369384766,fan_and_spray_on,1,1,critical_high_temperature
2027-10-21T03:00:00,tb,43.2322883605957,fan_and_spray_on,1,1,critical_high_temperature
2027-10-21T04:00:00,tb,43.156394958496094,fan_and_spray_on,1,1,critical_high_temperature
2027-10-21T05:00:00,tb,43.20394515991211,fan_and_spray_on,1,1,critical_high_temperature
2027-10-21T06:00:00,tb,43.20843505859375,fan_and_spray_on,1,1,critical_high_temperature
2027-10-21T07:00:00,tb,43.22043228149414,fan_and_spray_on,1,1,critical_high_temperature
2027-10-21T08:00:00,tb,43.233882904052734,fan_and_spray_on,1,1,critical_high_temperature
2027-10-21T09:00:00,tb,43.10213851928711,fan_and_spray_on,1,1,critical_high_temperature
2027-10-21T10:00:00,tb,43.32931137084961,fan_and_spray_on,1,1,critical_high_temperature
2027-10-21T11:00:00,tb,43.278079986572266,fan_and_spray_on,1,1,critical_high_temperature
2027-10-21T12:00:00,tb,43.05921936035156,fan_and_spray_on,1,1,critical_high_temperature
2027-10-21T13:00:00,tb,43.081424713134766,fan_and_spray_on,1,1,critical_high_temperature
2027-10-21T14:00:00,tb,43.22392272949219,fan_and_spray_on,1,1,critical_high_temperature
2027-10-21T15:00:00,tb,43.1819953918457,fan_and_spray_on,1,1,critical_high_temperature
2027-10-21T16:00:00,tb,43.03077697753906,fan_and_spray_on,1,1,critical_high_temperature
2027-10-21T17:00:00,tb,43.2191276550293,fan_and_spray_on,1,1,critical_high_temperature
2027-10-21T18:00:00,tb,43.11758041381836,fan_and_spray_on,1,1,critical_high_temperature
2027-10-21T19:00:00,tb,43.06731033325195,fan_and_spray_on,1,1,critical_high_temperature
2027-10-21T20:00:00,tb,43.0842170715332,fan_and_spray_on,1,1,critical_high_temperature
2027-10-21T21:00:00,tb,43.23904800415039,fan_and_spray_on,1,1,critical_high_temperature
2027-10-21T22:00:00,tb,43.180824279785156,fan_and_spray_on,1,1,critical_high_temperature
2027-10-21T23:00:00,tb,43.18983459472656,fan_and_spray_on,1,1,critical_high_temperature
2027-10-22T00:00:00,tb,42.975982666015625,fan_and_spray_on,1,1,critical_high_temperature
2027-10-22T01:00:00,tb,43.17201614379883,fan_and_spray_on,1,1,critical_high_temperature
2027-10-22T02:00:00,tb,43.194190979003906,fan_and_spray_on,1,1,critical_high_temperature
2027-10-22T03:00:00,tb,43.31304931640625,fan_and_spray_on,1,1,critical_high_temperature
2027-10-22T04:00:00,tb,43.230255126953125,fan_and_spray_on,1,1,critical_high_temperature
2027-10-22T05:00:00,tb,43.19215393066406,fan_and_spray_on,1,1,critical_high_temperature
2027-10-22T06:00:00,tb,43.08818435668945,fan_and_spray_on,1,1,critical_high_temperature
2027-10-22T07:00:00,tb,43.12919235229492,fan_and_spray_on,1,1,critical_high_temperature
2027-10-22T08:00:00,tb,43.17979049682617,fan_and_spray_on,1,1,critical_high_temperature
2027-10-22T09:00:00,tb,43.05465316772461,fan_and_spray_on,1,1,critical_high_temperature
2027-10-22T10:00:00,tb,43.313873291015625,fan_and_spray_on,1,1,critical_high_temperature
2027-10-22T11:00:00,tb,43.323394775390625,fan_and_spray_on,1,1,critical_high_temperature
2027-10-22T12:00:00,tb,43.310970306396484,fan_and_spray_on,1,1,critical_high_temperature
2027-10-22T13:00:00,tb,43.15915298461914,fan_and_spray_on,1,1,critical_high_temperature
2027-10-22T14:00:00,tb,43.401302337646484,fan_and_spray_on,1,1,critical_high_temperature
2027-10-22T15:00:00,tb,43.16706848144531,fan_and_spray_on,1,1,critical_high_temperature
2027-10-22T16:00:00,tb,43.22150802612305,fan_and_spray_on,1,1,critical_high_temperature
2027-10-22T17:00:00,tb,43.28587341308594,fan_and_spray_on,1,1,critical_high_temperature
2027-10-22T18:00:00,tb,43.21685028076172,fan_and_spray_on,1,1,critical_high_temperature
2027-10-22T19:00:00,tb,43.22259521484375,fan_and_spray_on,1,1,critical_high_temperature
2027-10-22T20:00:00,tb,43.06829071044922,fan_and_spray_on,1,1,critical_high_temperature
2027-10-22T21:00:00,tb,43.12071228027344,fan_and_spray_on,1,1,critical_high_temperature
2027-10-22T22:00:00,tb,43.326995849609375,fan_and_spray_on,1,1,critical_high_temperature
2027-10-22T23:00:00,tb,43.24686813354492,fan_and_spray_on,1,1,critical_high_temperature
2027-10-23T00:00:00,tb,43.04559326171875,fan_and_spray_on,1,1,critical_high_temperature
2027-10-23T01:00:00,tb,43.19187545776367,fan_and_spray_on,1,1,critical_high_temperature
2027-10-23T02:00:00,tb,43.156227111816406,fan_and_spray_on,1,1,critical_high_temperature
2027-10-23T03:00:00,tb,43.16084671020508,fan_and_spray_on,1,1,critical_high_temperature
2027-10-23T04:00:00,tb,43.29762649536133,fan_and_spray_on,1,1,critical_high_temperature
2027-10-23T05:00:00,tb,42.94301986694336,fan_and_spray_on,1,1,critical_high_temperature
2027-10-23T06:00:00,tb,43.31843566894531,fan_and_spray_on,1,1,critical_high_temperature
2027-10-23T07:00:00,tb,43.10109329223633,fan_and_spray_on,1,1,critical_high_temperature
2027-10-23T08:00:00,tb,43.336891174316406,fan_and_spray_on,1,1,critical_high_temperature
2027-10-23T09:00:00,tb,43.22941207885742,fan_and_spray_on,1,1,critical_high_temperature
2027-10-23T10:00:00,tb,42.97016143798828,fan_and_spray_on,1,1,critical_high_temperature
2027-10-23T11:00:00,tb,43.13508605957031,fan_and_spray_on,1,1,critical_high_temperature
2027-10-23T12:00:00,tb,43.11365509033203,fan_and_spray_on,1,1,critical_high_temperature
2027-10-23T13:00:00,tb,43.29129409790039,fan_and_spray_on,1,1,critical_high_temperature
2027-10-23T14:00:00,tb,43.26734924316406,fan_and_spray_on,1,1,critical_high_temperature
2027-10-23T15:00:00,tb,43.14414978027344,fan_and_spray_on,1,1,critical_high_temperature
2027-10-23T16:00:00,tb,43.07843780517578,fan_and_spray_on,1,1,critical_high_temperature
2027-10-23T17:00:00,tb,43.07817077636719,fan_and_spray_on,1,1,critical_high_temperature
2027-10-23T18:00:00,tb,43.27260208129883,fan_and_spray_on,1,1,critical_high_temperature
2027-10-23T19:00:00,tb,43.141319274902344,fan_and_spray_on,1,1,critical_high_temperature
2027-10-23T20:00:00,tb,43.247764587402344,fan_and_spray_on,1,1,critical_high_temperature
2027-10-23T21:00:00,tb,43.23068618774414,fan_and_spray_on,1,1,critical_high_temperature
2027-10-23T22:00:00,tb,43.03982925415039,fan_and_spray_on,1,1,critical_high_temperature
2027-10-23T23:00:00,tb,43.110904693603516,fan_and_spray_on,1,1,critical_high_temperature
2027-10-24T00:00:00,tb,43.317317962646484,fan_and_spray_on,1,1,critical_high_temperature
2027-10-24T01:00:00,tb,43.249732971191406,fan_and_spray_on,1,1,critical_high_temperature
2027-10-24T02:00:00,tb,43.16089630126953,fan_and_spray_on,1,1,critical_high_temperature
2027-10-24T03:00:00,tb,43.177276611328125,fan_and_spray_on,1,1,critical_high_temperature
2027-10-24T04:00:00,tb,43.17954635620117,fan_and_spray_on,1,1,critical_high_temperature
2027-10-24T05:00:00,tb,43.13431930541992,fan_and_spray_on,1,1,critical_high_temperature
2027-10-24T06:00:00,tb,43.28744888305664,fan_and_spray_on,1,1,critical_high_temperature
2027-10-24T07:00:00,tb,43.24043273925781,fan_and_spray_on,1,1,critical_high_temperature
2027-10-24T08:00:00,tb,43.28245544433594,fan_and_spray_on,1,1,critical_high_temperature
2027-10-24T09:00:00,tb,43.26992416381836,fan_and_spray_on,1,1,critical_high_temperature
2027-10-24T10:00:00,tb,43.26585388183594,fan_and_spray_on,1,1,critical_high_temperature
2027-10-24T11:00:00,tb,43.12111282348633,fan_and_spray_on,1,1,critical_high_temperature
2027-10-24T12:00:00,tb,43.06638717651367,fan_and_spray_on,1,1,critical_high_temperature
2027-10-24T13:00:00,tb,43.32350540161133,fan_and_spray_on,1,1,critical_high_temperature
2027-10-24T14:00:00,tb,43.06820297241211,fan_and_spray_on,1,1,critical_high_temperature
2027-10-24T15:00:00,tb,43.243167877197266,fan_and_spray_on,1,1,critical_high_temperature
2027-10-24T16:00:00,tb,43.239253997802734,fan_and_spray_on,1,1,critical_high_temperature
2027-10-24T17:00:00,tb,43.15232467651367,fan_and_spray_on,1,1,critical_high_temperature
2027-10-24T18:00:00,tb,43.04338836669922,fan_and_spray_on,1,1,critical_high_temperature
2027-10-24T19:00:00,tb,43.04003143310547,fan_and_spray_on,1,1,critical_high_temperature
2027-10-24T20:00:00,tb,43.253604888916016,fan_and_spray_on,1,1,critical_high_temperature
2027-10-24T21:00:00,tb,43.27952194213867,fan_and_spray_on,1,1,critical_high_temperature
2027-10-24T22:00:00,tb,43.26202392578125,fan_and_spray_on,1,1,critical_high_temperature
2027-10-24T23:00:00,tb,43.08183670043945,fan_and_spray_on,1,1,critical_high_temperature
2027-10-25T00:00:00,tb,43.24037170410156,fan_and_spray_on,1,1,critical_high_temperature
2027-10-25T01:00:00,tb,43.13950729370117,fan_and_spray_on,1,1,critical_high_temperature
2027-10-25T02:00:00,tb,43.14321517944336,fan_and_spray_on,1,1,critical_high_temperature
2027-10-25T03:00:00,tb,43.22137451171875,fan_and_spray_on,1,1,critical_high_temperature
2027-10-25T04:00:00,tb,43.15472412109375,fan_and_spray_on,1,1,critical_high_temperature
2027-10-25T05:00:00,tb,43.20697021484375,fan_and_spray_on,1,1,critical_high_temperature
2027-10-25T06:00:00,tb,43.13895797729492,fan_and_spray_on,1,1,critical_high_temperature
2027-10-25T07:00:00,tb,43.22767639160156,fan_and_spray_on,1,1,critical_high_temperature
2027-10-25T08:00:00,tb,43.269378662109375,fan_and_spray_on,1,1,critical_high_temperature
2027-10-25T09:00:00,tb,43.223358154296875,fan_and_spray_on,1,1,critical_high_temperature
2027-10-25T10:00:00,tb,43.24103927612305,fan_and_spray_on,1,1,critical_high_temperature
2027-10-25T11:00:00,tb,43.22679901123047,fan_and_spray_on,1,1,critical_high_temperature
2027-10-25T12:00:00,tb,43.192588806152344,fan_and_spray_on,1,1,critical_high_temperature
2027-10-25T13:00:00,tb,43.07027816772461,fan_and_spray_on,1,1,critical_high_temperature
2027-10-25T14:00:00,tb,43.079097747802734,fan_and_spray_on,1,1,critical_high_temperature
2027-10-25T15:00:00,tb,43.36449432373047,fan_and_spray_on,1,1,critical_high_temperature
2027-10-25T16:00:00,tb,43.26572799682617,fan_and_spray_on,1,1,critical_high_temperature
2027-10-25T17:00:00,tb,43.010013580322266,fan_and_spray_on,1,1,critical_high_temperature
2027-10-25T18:00:00,tb,43.278079986572266,fan_and_spray_on,1,1,critical_high_temperature
2027-10-25T19:00:00,tb,43.232147216796875,fan_and_spray_on,1,1,critical_high_temperature
2027-10-25T20:00:00,tb,43.023353576660156,fan_and_spray_on,1,1,critical_high_temperature
2027-10-25T21:00:00,tb,43.154300689697266,fan_and_spray_on,1,1,critical_high_temperature
2027-10-25T22:00:00,tb,43.128108978271484,fan_and_spray_on,1,1,critical_high_temperature
2027-10-25T23:00:00,tb,43.300167083740234,fan_and_spray_on,1,1,critical_high_temperature
2027-10-26T00:00:00,tb,43.252647399902344,fan_and_spray_on,1,1,critical_high_temperature
2027-10-26T01:00:00,tb,43.187198638916016,fan_and_spray_on,1,1,critical_high_temperature
2027-10-26T02:00:00,tb,43.05628967285156,fan_and_spray_on,1,1,critical_high_temperature
2027-10-26T03:00:00,tb,43.3173713684082,fan_and_spray_on,1,1,critical_high_temperature
2027-10-26T04:00:00,tb,43.263702392578125,fan_and_spray_on,1,1,critical_high_temperature
2027-10-26T05:00:00,tb,43.04772186279297,fan_and_spray_on,1,1,critical_high_temperature
2027-10-26T06:00:00,tb,43.2496223449707,fan_and_spray_on,1,1,critical_high_temperature
2027-10-26T07:00:00,tb,43.10877227783203,fan_and_spray_on,1,1,critical_high_temperature
2027-10-26T08:00:00,tb,43.21146011352539,fan_and_spray_on,1,1,critical_high_temperature
2027-10-26T09:00:00,tb,43.19447708129883,fan_and_spray_on,1,1,critical_high_temperature
2027-10-26T10:00:00,tb,43.107017517089844,fan_and_spray_on,1,1,critical_high_temperature
2027-10-26T11:00:00,tb,43.30862808227539,fan_and_spray_on,1,1,critical_high_temperature
2027-10-26T12:00:00,tb,43.07579803466797,fan_and_spray_on,1,1,critical_high_temperature
2027-10-26T13:00:00,tb,43.16550064086914,fan_and_spray_on,1,1,critical_high_temperature
2027-10-26T14:00:00,tb,43.2403678894043,fan_and_spray_on,1,1,critical_high_temperature
2027-10-26T15:00:00,tb,43.1758918762207,fan_and_spray_on,1,1,critical_high_temperature
2027-10-26T16:00:00,tb,43.17157745361328,fan_and_spray_on,1,1,critical_high_temperature
2027-10-26T17:00:00,tb,43.10995864868164,fan_and_spray_on,1,1,critical_high_temperature
2027-10-26T18:00:00,tb,43.288021087646484,fan_and_spray_on,1,1,critical_high_temperature
2027-10-26T19:00:00,tb,43.123661041259766,fan_and_spray_on,1,1,critical_high_temperature
2027-10-26T20:00:00,tb,43.26521301269531,fan_and_spray_on,1,1,critical_high_temperature
2027-10-26T21:00:00,tb,43.16644287109375,fan_and_spray_on,1,1,critical_high_temperature
2027-10-26T22:00:00,tb,43.04827880859375,fan_and_spray_on,1,1,critical_high_temperature
2027-10-26T23:00:00,tb,43.29016876220703,fan_and_spray_on,1,1,critical_high_temperature
2027-10-27T00:00:00,tb,43.26456069946289,fan_and_spray_on,1,1,critical_high_temperature
2027-10-27T01:00:00,tb,43.17791748046875,fan_and_spray_on,1,1,critical_high_temperature
2027-10-27T02:00:00,tb,43.04389572143555,fan_and_spray_on,1,1,critical_high_temperature
2027-10-27T03:00:00,tb,43.19353485107422,fan_and_spray_on,1,1,critical_high_temperature
2027-10-27T04:00:00,tb,43.225624084472656,fan_and_spray_on,1,1,critical_high_temperature
2027-10-27T05:00:00,tb,43.31135559082031,fan_and_spray_on,1,1,critical_high_temperature
2027-10-27T06:00:00,tb,43.19416809082031,fan_and_spray_on,1,1,critical_high_temperature
2027-10-27T07:00:00,tb,43.18963623046875,fan_and_spray_on,1,1,critical_high_temperature
2027-10-27T08:00:00,tb,43.281558990478516,fan_and_spray_on,1,1,critical_high_temperature
2027-10-27T09:00:00,tb,43.05029296875,fan_and_spray_on,1,1,critical_high_temperature
2027-10-27T10:00:00,tb,43.32931137084961,fan_and_spray_on,1,1,critical_high_temperature
2027-10-27T11:00:00,tb,43.20458221435547,fan_and_spray_on,1,1,critical_high_temperature
2027-10-27T12:00:00,tb,43.18132400512695,fan_and_spray_on,1,1,critical_high_temperature
2027-10-27T13:00:00,tb,43.127017974853516,fan_and_spray_on,1,1,critical_high_temperature
2027-10-27T14:00:00,tb,43.36369705200195,fan_and_spray_on,1,1,critical_high_temperature
2027-10-27T15:00:00,tb,43.20652389526367,fan_and_spray_on,1,1,critical_high_temperature
2027-10-27T16:00:00,tb,43.11330032348633,fan_and_spray_on,1,1,critical_high_temperature
2027-10-27T17:00:00,tb,43.23158264160156,fan_and_spray_on,1,1,critical_high_temperature
2027-10-27T18:00:00,tb,43.18975830078125,fan_and_spray_on,1,1,critical_high_temperature
2027-10-27T19:00:00,tb,43.14078903198242,fan_and_spray_on,1,1,critical_high_temperature
2027-10-27T20:00:00,tb,43.10285186767578,fan_and_spray_on,1,1,critical_high_temperature
2027-10-27T21:00:00,tb,43.1087646484375,fan_and_spray_on,1,1,critical_high_temperature
2027-10-27T22:00:00,tb,43.309444427490234,fan_and_spray_on,1,1,critical_high_temperature
2027-10-27T23:00:00,tb,43.25954818725586,fan_and_spray_on,1,1,critical_high_temperature
2027-10-28T00:00:00,tb,43.086700439453125,fan_and_spray_on,1,1,critical_high_temperature
2027-10-28T01:00:00,tb,43.27695846557617,fan_and_spray_on,1,1,critical_high_temperature
2027-10-28T02:00:00,tb,43.15190505981445,fan_and_spray_on,1,1,critical_high_temperature
2027-10-28T03:00:00,tb,43.220699310302734,fan_and_spray_on,1,1,critical_high_temperature
2027-10-28T04:00:00,tb,43.19089126586914,fan_and_spray_on,1,1,critical_high_temperature
2027-10-28T05:00:00,tb,43.218360900878906,fan_and_spray_on,1,1,critical_high_temperature
2027-10-28T06:00:00,tb,43.12861633300781,fan_and_spray_on,1,1,critical_high_temperature
2027-10-28T07:00:00,tb,43.23819351196289,fan_and_spray_on,1,1,critical_high_temperature
2027-10-28T08:00:00,tb,43.139522552490234,fan_and_spray_on,1,1,critical_high_temperature
2027-10-28T09:00:00,tb,43.08491134643555,fan_and_spray_on,1,1,critical_high_temperature
2027-10-28T10:00:00,tb,43.19737243652344,fan_and_spray_on,1,1,critical_high_temperature
2027-10-28T11:00:00,tb,43.27836227416992,fan_and_spray_on,1,1,critical_high_temperature
2027-10-28T12:00:00,tb,43.084190368652344,fan_and_spray_on,1,1,critical_high_temperature
2027-10-28T13:00:00,tb,43.298194885253906,fan_and_spray_on,1,1,critical_high_temperature
2027-10-28T14:00:00,tb,43.125640869140625,fan_and_spray_on,1,1,critical_high_temperature
2027-10-28T15:00:00,tb,43.3033447265625,fan_and_spray_on,1,1,critical_high_temperature
2027-10-28T16:00:00,tb,43.21817398071289,fan_and_spray_on,1,1,critical_high_temperature
2027-10-28T17:00:00,tb,43.1541633605957,fan_and_spray_on,1,1,critical_high_temperature
2027-10-28T18:00:00,tb,43.08271408081055,fan_and_spray_on,1,1,critical_high_temperature
2027-10-28T19:00:00,tb,43.20418167114258,fan_and_spray_on,1,1,critical_high_temperature
2027-10-28T20:00:00,tb,43.19398498535156,fan_and_spray_on,1,1,critical_high_temperature
2027-10-28T21:00:00,tb,43.254005432128906,fan_and_spray_on,1,1,critical_high_temperature
2027-10-28T22:00:00,tb,43.13687515258789,fan_and_spray_on,1,1,critical_high_temperature
2027-10-28T23:00:00,tb,43.111976623535156,fan_and_spray_on,1,1,critical_high_temperature
2027-10-29T00:00:00,tb,43.27408981323242,fan_and_spray_on,1,1,critical_high_temperature
2027-10-29T01:00:00,tb,43.234375,fan_and_spray_on,1,1,critical_high_temperature
2027-10-29T02:00:00,tb,43.13701248168945,fan_and_spray_on,1,1,critical_high_temperature
2027-10-29T03:00:00,tb,43.264060974121094,fan_and_spray_on,1,1,critical_high_temperature
2027-10-29T04:00:00,tb,43.319549560546875,fan_and_spray_on,1,1,critical_high_temperature
2027-10-29T05:00:00,tb,43.08766555786133,fan_and_spray_on,1,1,critical_high_temperature
2027-10-29T06:00:00,tb,43.11790466308594,fan_and_spray_on,1,1,critical_high_temperature
2027-10-29T07:00:00,tb,43.29436111450195,fan_and_spray_on,1,1,critical_high_temperature
2027-10-29T08:00:00,tb,43.07827377319336,fan_and_spray_on,1,1,critical_high_temperature
2027-10-29T09:00:00,tb,43.260677337646484,fan_and_spray_on,1,1,critical_high_temperature
2027-10-29T10:00:00,tb,43.25595474243164,fan_and_spray_on,1,1,critical_high_temperature
2027-10-29T11:00:00,tb,43.09689712524414,fan_and_spray_on,1,1,critical_high_temperature
2027-10-29T12:00:00,tb,43.280723571777344,fan_and_spray_on,1,1,critical_high_temperature
2027-10-29T13:00:00,tb,43.30251693725586,fan_and_spray_on,1,1,critical_high_temperature
2027-10-29T14:00:00,tb,43.21294021606445,fan_and_spray_on,1,1,critical_high_temperature
2027-10-29T15:00:00,tb,43.241966247558594,fan_and_spray_on,1,1,critical_high_temperature
2027-10-29T16:00:00,tb,43.24150848388672,fan_and_spray_on,1,1,critical_high_temperature
2027-10-29T17:00:00,tb,43.20038986206055,fan_and_spray_on,1,1,critical_high_temperature
2027-10-29T18:00:00,tb,43.07887649536133,fan_and_spray_on,1,1,critical_high_temperature
2027-10-29T19:00:00,tb,43.151329040527344,fan_and_spray_on,1,1,critical_high_temperature
2027-10-29T20:00:00,tb,43.32374572753906,fan_and_spray_on,1,1,critical_high_temperature
2027-10-29T21:00:00,tb,43.09135437011719,fan_and_spray_on,1,1,critical_high_temperature
2027-10-29T22:00:00,tb,43.320655822753906,fan_and_spray_on,1,1,critical_high_temperature
2027-10-29T23:00:00,tb,43.239097595214844,fan_and_spray_on,1,1,critical_high_temperature
2027-10-30T00:00:00,tb,43.179866790771484,fan_and_spray_on,1,1,critical_high_temperature
2027-10-30T01:00:00,tb,43.130615234375,fan_and_spray_on,1,1,critical_high_temperature
2027-10-30T02:00:00,tb,43.061492919921875,fan_and_spray_on,1,1,critical_high_temperature
2027-10-30T03:00:00,tb,43.12156295776367,fan_and_spray_on,1,1,critical_high_temperature
2027-10-30T04:00:00,tb,43.21861267089844,fan_and_spray_on,1,1,critical_high_temperature
2027-10-30T05:00:00,tb,43.24930191040039,fan_and_spray_on,1,1,critical_high_temperature
2027-10-30T06:00:00,tb,43.264888763427734,fan_and_spray_on,1,1,critical_high_temperature
2027-10-30T07:00:00,tb,43.16857147216797,fan_and_spray_on,1,1,critical_high_temperature
2027-10-30T08:00:00,tb,43.15576934814453,fan_and_spray_on,1,1,critical_high_temperature
2027-10-30T09:00:00,tb,43.265220642089844,fan_and_spray_on,1,1,critical_high_temperature
2027-10-30T10:00:00,tb,43.1845817565918,fan_and_spray_on,1,1,critical_high_temperature
2027-10-30T11:00:00,tb,43.294647216796875,fan_and_spray_on,1,1,critical_high_temperature
2027-10-30T12:00:00,tb,43.23869705200195,fan_and_spray_on,1,1,critical_high_temperature
2027-10-30T13:00:00,tb,43.09079360961914,fan_and_spray_on,1,1,critical_high_temperature
2027-10-30T14:00:00,tb,43.308448791503906,fan_and_spray_on,1,1,critical_high_temperature
2027-10-30T15:00:00,tb,43.12583923339844,fan_and_spray_on,1,1,critical_high_temperature
2027-10-30T16:00:00,tb,43.33244323730469,fan_and_spray_on,1,1,critical_high_temperature
2027-10-30T17:00:00,tb,43.26250076293945,fan_and_spray_on,1,1,critical_high_temperature
2027-10-30T18:00:00,tb,43.04426956176758,fan_and_spray_on,1,1,critical_high_temperature
2027-10-30T19:00:00,tb,43.24341583251953,fan_and_spray_on,1,1,critical_high_temperature
2027-10-30T20:00:00,tb,43.21476745605469,fan_and_spray_on,1,1,critical_high_temperature
2027-10-30T21:00:00,tb,43.06353759765625,fan_and_spray_on,1,1,critical_high_temperature
2027-10-30T22:00:00,tb,43.265907287597656,fan_and_spray_on,1,1,critical_high_temperature
2027-10-30T23:00:00,tb,43.16971969604492,fan_and_spray_on,1,1,critical_high_temperature
2027-10-31T00:00:00,tb,43.24043273925781,fan_and_spray_on,1,1,critical_high_temperature
2027-10-31T01:00:00,tb,43.227989196777344,fan_and_spray_on,1,1,critical_high_temperature
2027-10-31T02:00:00,tb,43.20991897583008,fan_and_spray_on,1,1,critical_high_temperature
2027-10-31T03:00:00,tb,43.320003509521484,fan_and_spray_on,1,1,critical_high_temperature
2027-10-31T04:00:00,tb,43.245296478271484,fan_and_spray_on,1,1,critical_high_temperature
2027-10-31T05:00:00,tb,43.18559265136719,fan_and_spray_on,1,1,critical_high_temperature
2027-10-31T06:00:00,tb,43.1309928894043,fan_and_spray_on,1,1,critical_high_temperature
2027-10-31T07:00:00,tb,43.09990692138672,fan_and_spray_on,1,1,critical_high_temperature
2027-10-31T08:00:00,tb,43.08003616333008,fan_and_spray_on,1,1,critical_high_temperature
2027-10-31T09:00:00,tb,43.1833381652832,fan_and_spray_on,1,1,critical_high_temperature
2027-10-31T10:00:00,tb,43.142791748046875,fan_and_spray_on,1,1,critical_high_temperature
2027-10-31T11:00:00,tb,43.216827392578125,fan_and_spray_on,1,1,critical_high_temperature
2027-10-31T12:00:00,tb,43.23303985595703,fan_and_spray_on,1,1,critical_high_temperature
2027-10-31T13:00:00,tb,43.04496765136719,fan_and_spray_on,1,1,critical_high_temperature
2027-10-31T14:00:00,tb,43.25825881958008,fan_and_spray_on,1,1,critical_high_temperature
2027-10-31T15:00:00,tb,43.265445709228516,fan_and_spray_on,1,1,critical_high_temperature
2027-10-31T16:00:00,tb,43.257476806640625,fan_and_spray_on,1,1,critical_high_temperature
2027-10-31T17:00:00,tb,42.99972915649414,fan_and_spray_on,1,1,critical_high_temperature
2027-10-31T18:00:00,tb,43.28605270385742,fan_and_spray_on,1,1,critical_high_temperature
2027-10-31T19:00:00,tb,43.31574249267578,fan_and_spray_on,1,1,critical_high_temperature
2027-10-31T20:00:00,tb,43.14091110229492,fan_and_spray_on,1,1,critical_high_temperature
2027-10-31T21:00:00,tb,43.15009307861328,fan_and_spray_on,1,1,critical_high_temperature
2027-10-31T22:00:00,tb,43.221710205078125,fan_and_spray_on,1,1,critical_high_temperature
2027-10-31T23:00:00,tb,43.228145599365234,fan_and_spray_on,1,1,critical_high_temperature
2027-11-01T00:00:00,tb,43.148529052734375,fan_and_spray_on,1,1,critical_high_temperature
2027-11-01T01:00:00,tb,43.11234664916992,fan_and_spray_on,1,1,critical_high_temperature
2027-11-01T02:00:00,tb,43.351688385009766,fan_and_spray_on,1,1,critical_high_temperature
2027-11-01T03:00:00,tb,43.27442932128906,fan_and_spray_on,1,1,critical_high_temperature
2027-11-01T04:00:00,tb,43.150516510009766,fan_and_spray_on,1,1,critical_high_temperature
2027-11-01T05:00:00,tb,43.06768035888672,fan_and_spray_on,1,1,critical_high_temperature
2027-11-01T06:00:00,tb,43.28349685668945,fan_and_spray_on,1,1,critical_high_temperature
2027-11-01T07:00:00,tb,43.2100944519043,fan_and_spray_on,1,1,critical_high_temperature
2027-11-01T08:00:00,tb,43.09247589111328,fan_and_spray_on,1,1,critical_high_temperature
2027-11-01T09:00:00,tb,43.272830963134766,fan_and_spray_on,1,1,critical_high_temperature
2027-11-01T10:00:00,tb,43.14399337768555,fan_and_spray_on,1,1,critical_high_temperature
2027-11-01T11:00:00,tb,43.33982467651367,fan_and_spray_on,1,1,critical_high_temperature
2027-11-01T12:00:00,tb,43.27538299560547,fan_and_spray_on,1,1,critical_high_temperature
2027-11-01T13:00:00,tb,43.210262298583984,fan_and_spray_on,1,1,critical_high_temperature
2027-11-01T14:00:00,tb,43.223846435546875,fan_and_spray_on,1,1,critical_high_temperature
2027-11-01T15:00:00,tb,43.279449462890625,fan_and_spray_on,1,1,critical_high_temperature
2027-11-01T16:00:00,tb,43.236663818359375,fan_and_spray_on,1,1,critical_high_temperature
2027-11-01T17:00:00,tb,43.14420700073242,fan_and_spray_on,1,1,critical_high_temperature
2027-11-01T18:00:00,tb,43.204505920410156,fan_and_spray_on,1,1,critical_high_temperature
2027-11-01T19:00:00,tb,43.21823501586914,fan_and_spray_on,1,1,critical_high_temperature
2027-11-01T20:00:00,tb,43.204105377197266,fan_and_spray_on,1,1,critical_high_temperature
2027-11-01T21:00:00,tb,43.16946029663086,fan_and_spray_on,1,1,critical_high_temperature
2027-11-01T22:00:00,tb,43.221946716308594,fan_and_spray_on,1,1,critical_high_temperature
2027-11-01T23:00:00,tb,43.166404724121094,fan_and_spray_on,1,1,critical_high_temperature
2027-11-02T00:00:00,tb,43.25312042236328,fan_and_spray_on,1,1,critical_high_temperature
2027-11-02T01:00:00,tb,43.21776580810547,fan_and_spray_on,1,1,critical_high_temperature
2027-11-02T02:00:00,tb,43.2386360168457,fan_and_spray_on,1,1,critical_high_temperature
2027-11-02T03:00:00,tb,43.23333740234375,fan_and_spray_on,1,1,critical_high_temperature
2027-11-02T04:00:00,tb,43.18819808959961,fan_and_spray_on,1,1,critical_high_temperature
2027-11-02T05:00:00,tb,43.19937515258789,fan_and_spray_on,1,1,critical_high_temperature
2027-11-02T06:00:00,tb,43.25259017944336,fan_and_spray_on,1,1,critical_high_temperature
2027-11-02T07:00:00,tb,43.112674713134766,fan_and_spray_on,1,1,critical_high_temperature
2027-11-02T08:00:00,tb,43.3436279296875,fan_and_spray_on,1,1,critical_high_temperature
2027-11-02T09:00:00,tb,43.137596130371094,fan_and_spray_on,1,1,critical_high_temperature
2027-11-02T10:00:00,tb,43.0657958984375,fan_and_spray_on,1,1,critical_high_temperature
2027-11-02T11:00:00,tb,43.31550598144531,fan_and_spray_on,1,1,critical_high_temperature
2027-11-02T12:00:00,tb,43.26420974731445,fan_and_spray_on,1,1,critical_high_temperature
2027-11-02T13:00:00,tb,43.16689682006836,fan_and_spray_on,1,1,critical_high_temperature
2027-11-02T14:00:00,tb,43.24140930175781,fan_and_spray_on,1,1,critical_high_temperature
2027-11-02T15:00:00,tb,43.220123291015625,fan_and_spray_on,1,1,critical_high_temperature
2027-11-02T16:00:00,tb,43.12269973754883,fan_and_spray_on,1,1,critical_high_temperature
2027-11-02T17:00:00,tb,43.21310043334961,fan_and_spray_on,1,1,critical_high_temperature
2027-11-02T18:00:00,tb,43.179290771484375,fan_and_spray_on,1,1,critical_high_temperature
2027-11-02T19:00:00,tb,43.13945388793945,fan_and_spray_on,1,1,critical_high_temperature
2027-11-02T20:00:00,tb,43.3019905090332,fan_and_spray_on,1,1,critical_high_temperature
2027-11-02T21:00:00,tb,43.21937561035156,fan_and_spray_on,1,1,critical_high_temperature
2027-11-02T22:00:00,tb,43.12400817871094,fan_and_spray_on,1,1,critical_high_temperature
2027-11-02T23:00:00,tb,43.24518966674805,fan_and_spray_on,1,1,critical_high_temperature
2027-11-03T00:00:00,tb,43.14036560058594,fan_and_spray_on,1,1,critical_high_temperature
2027-11-03T01:00:00,tb,43.221336364746094,fan_and_spray_on,1,1,critical_high_temperature
2027-11-03T02:00:00,tb,43.167911529541016,fan_and_spray_on,1,1,critical_high_temperature
2027-11-03T03:00:00,tb,43.09378433227539,fan_and_spray_on,1,1,critical_high_temperature
2027-11-03T04:00:00,tb,43.23081970214844,fan_and_spray_on,1,1,critical_high_temperature
2027-11-03T05:00:00,tb,43.04805374145508,fan_and_spray_on,1,1,critical_high_temperature
2027-11-03T06:00:00,tb,43.30349349975586,fan_and_spray_on,1,1,critical_high_temperature
2027-11-03T07:00:00,tb,43.265228271484375,fan_and_spray_on,1,1,critical_high_temperature
2027-11-03T08:00:00,tb,43.070980072021484,fan_and_spray_on,1,1,critical_high_temperature
2027-11-03T09:00:00,tb,43.131309509277344,fan_and_spray_on,1,1,critical_high_temperature
2027-11-03T10:00:00,tb,43.19197082519531,fan_and_spray_on,1,1,critical_high_temperature
2027-11-03T11:00:00,tb,43.30940246582031,fan_and_spray_on,1,1,critical_high_temperature
2027-11-03T12:00:00,tb,43.09138107299805,fan_and_spray_on,1,1,critical_high_temperature
2027-11-03T13:00:00,tb,43.07088088989258,fan_and_spray_on,1,1,critical_high_temperature
2027-11-03T14:00:00,tb,43.186214447021484,fan_and_spray_on,1,1,critical_high_temperature
2027-11-03T15:00:00,tb,43.056278228759766,fan_and_spray_on,1,1,critical_high_temperature
2027-11-03T16:00:00,tb,43.196346282958984,fan_and_spray_on,1,1,critical_high_temperature
2027-11-03T17:00:00,tb,43.2344856262207,fan_and_spray_on,1,1,critical_high_temperature
2027-11-03T18:00:00,tb,43.266849517822266,fan_and_spray_on,1,1,critical_high_temperature
2027-11-03T19:00:00,tb,43.28273391723633,fan_and_spray_on,1,1,critical_high_temperature
2027-11-03T20:00:00,tb,43.22830581665039,fan_and_spray_on,1,1,critical_high_temperature
2027-11-03T21:00:00,tb,43.16139221191406,fan_and_spray_on,1,1,critical_high_temperature
2027-11-03T22:00:00,tb,43.2567138671875,fan_and_spray_on,1,1,critical_high_temperature
2027-11-03T23:00:00,tb,43.25755310058594,fan_and_spray_on,1,1,critical_high_temperature
2027-11-04T00:00:00,tb,43.26863098144531,fan_and_spray_on,1,1,critical_high_temperature
2027-11-04T01:00:00,tb,43.268096923828125,fan_and_spray_on,1,1,critical_high_temperature
2027-11-04T02:00:00,tb,43.07503128051758,fan_and_spray_on,1,1,critical_high_temperature
2027-11-04T03:00:00,tb,43.206382751464844,fan_and_spray_on,1,1,critical_high_temperature
2027-11-04T04:00:00,tb,43.13051223754883,fan_and_spray_on,1,1,critical_high_temperature
2027-11-04T05:00:00,tb,43.15690231323242,fan_and_spray_on,1,1,critical_high_temperature
2027-11-04T06:00:00,tb,43.259517669677734,fan_and_spray_on,1,1,critical_high_temperature
2027-11-04T07:00:00,tb,43.15619659423828,fan_and_spray_on,1,1,critical_high_temperature
2027-11-04T08:00:00,tb,43.02042007446289,fan_and_spray_on,1,1,critical_high_temperature
2027-11-04T09:00:00,tb,43.22821807861328,fan_and_spray_on,1,1,critical_high_temperature
2027-11-04T10:00:00,tb,43.26182556152344,fan_and_spray_on,1,1,critical_high_temperature
2027-11-04T11:00:00,tb,43.13715744018555,fan_and_spray_on,1,1,critical_high_temperature
2027-11-04T12:00:00,tb,43.29004669189453,fan_and_spray_on,1,1,critical_high_temperature
2027-11-04T13:00:00,tb,43.14241027832031,fan_and_spray_on,1,1,critical_high_temperature
2027-11-04T14:00:00,tb,43.168331146240234,fan_and_spray_on,1,1,critical_high_temperature
2027-11-04T15:00:00,tb,43.22694778442383,fan_and_spray_on,1,1,critical_high_temperature
2027-11-04T16:00:00,tb,43.04360580444336,fan_and_spray_on,1,1,critical_high_temperature
2027-11-04T17:00:00,tb,43.2018928527832,fan_and_spray_on,1,1,critical_high_temperature
2027-11-04T18:00:00,tb,43.28874969482422,fan_and_spray_on,1,1,critical_high_temperature
2027-11-04T19:00:00,tb,43.06951904296875,fan_and_spray_on,1,1,critical_high_temperature
2027-11-04T20:00:00,tb,43.0749397277832,fan_and_spray_on,1,1,critical_high_temperature
2027-11-04T21:00:00,tb,43.27499008178711,fan_and_spray_on,1,1,critical_high_temperature
2027-11-04T22:00:00,tb,43.084537506103516,fan_and_spray_on,1,1,critical_high_temperature
2027-11-04T23:00:00,tb,43.258399963378906,fan_and_spray_on,1,1,critical_high_temperature
2027-11-05T00:00:00,tb,43.22507095336914,fan_and_spray_on,1,1,critical_high_temperature
2027-11-05T01:00:00,tb,43.284019470214844,fan_and_spray_on,1,1,critical_high_temperature
2027-11-05T02:00:00,tb,43.28376007080078,fan_and_spray_on,1,1,critical_high_temperature
2027-11-05T03:00:00,tb,43.211429595947266,fan_and_spray_on,1,1,critical_high_temperature
2027-11-05T04:00:00,tb,43.219154357910156,fan_and_spray_on,1,1,critical_high_temperature
2027-11-05T05:00:00,tb,43.088104248046875,fan_and_spray_on,1,1,critical_high_temperature
2027-11-05T06:00:00,tb,43.10245895385742,fan_and_spray_on,1,1,critical_high_temperature
2027-11-05T07:00:00,tb,43.1473388671875,fan_and_spray_on,1,1,critical_high_temperature
2027-11-05T08:00:00,tb,43.1978645324707,fan_and_spray_on,1,1,critical_high_temperature
2027-11-05T09:00:00,tb,43.207122802734375,fan_and_spray_on,1,1,critical_high_temperature
2027-11-05T10:00:00,tb,43.202659606933594,fan_and_spray_on,1,1,critical_high_temperature
2027-11-05T11:00:00,tb,43.158260345458984,fan_and_spray_on,1,1,critical_high_temperature
2027-11-05T12:00:00,tb,43.061790466308594,fan_and_spray_on,1,1,critical_high_temperature
2027-11-05T13:00:00,tb,43.29204559326172,fan_and_spray_on,1,1,critical_high_temperature
2027-11-05T14:00:00,tb,43.12839889526367,fan_and_spray_on,1,1,critical_high_temperature
2027-11-05T15:00:00,tb,43.26091766357422,fan_and_spray_on,1,1,critical_high_temperature
2027-11-05T16:00:00,tb,43.291847229003906,fan_and_spray_on,1,1,critical_high_temperature
2027-11-05T17:00:00,tb,43.144412994384766,fan_and_spray_on,1,1,critical_high_temperature
2027-11-05T18:00:00,tb,43.00046157836914,fan_and_spray_on,1,1,critical_high_temperature
2027-11-05T19:00:00,tb,43.22937774658203,fan_and_spray_on,1,1,critical_high_temperature
2027-11-05T20:00:00,tb,43.221378326416016,fan_and_spray_on,1,1,critical_high_temperature
2027-11-05T21:00:00,tb,43.2691535949707,fan_and_spray_on,1,1,critical_high_temperature
2027-11-05T22:00:00,tb,43.092952728271484,fan_and_spray_on,1,1,critical_high_temperature
2027-11-05T23:00:00,tb,43.06543731689453,fan_and_spray_on,1,1,critical_high_temperature
2027-11-06T00:00:00,tb,43.343936920166016,fan_and_spray_on,1,1,critical_high_temperature
2027-11-06T01:00:00,tb,43.20375442504883,fan_and_spray_on,1,1,critical_high_temperature
2027-11-06T02:00:00,tb,43.19395065307617,fan_and_spray_on,1,1,critical_high_temperature
2027-11-06T03:00:00,tb,43.15106201171875,fan_and_spray_on,1,1,critical_high_temperature
2027-11-06T04:00:00,tb,43.295021057128906,fan_and_spray_on,1,1,critical_high_temperature
2027-11-06T05:00:00,tb,43.18221664428711,fan_and_spray_on,1,1,critical_high_temperature
2027-11-06T06:00:00,tb,43.18950271606445,fan_and_spray_on,1,1,critical_high_temperature
2027-11-06T07:00:00,tb,43.219093322753906,fan_and_spray_on,1,1,critical_high_temperature
2027-11-06T08:00:00,tb,43.23810958862305,fan_and_spray_on,1,1,critical_high_temperature
2027-11-06T09:00:00,tb,43.208038330078125,fan_and_spray_on,1,1,critical_high_temperature
2027-11-06T10:00:00,tb,43.16633224487305,fan_and_spray_on,1,1,critical_high_temperature
2027-11-06T11:00:00,tb,43.13596725463867,fan_and_spray_on,1,1,critical_high_temperature
2027-11-06T12:00:00,tb,43.20901107788086,fan_and_spray_on,1,1,critical_high_temperature
2027-11-06T13:00:00,tb,43.0919075012207,fan_and_spray_on,1,1,critical_high_temperature
2027-11-06T14:00:00,tb,43.06871032714844,fan_and_spray_on,1,1,critical_high_temperature
2027-11-06T15:00:00,tb,43.188743591308594,fan_and_spray_on,1,1,critical_high_temperature
2027-11-06T16:00:00,tb,43.15638732910156,fan_and_spray_on,1,1,critical_high_temperature
2027-11-06T17:00:00,tb,43.22660446166992,fan_and_spray_on,1,1,critical_high_temperature
2027-11-06T18:00:00,tb,43.20058822631836,fan_and_spray_on,1,1,critical_high_temperature
2027-11-06T19:00:00,tb,43.26442337036133,fan_and_spray_on,1,1,critical_high_temperature
2027-11-06T20:00:00,tb,43.25539016723633,fan_and_spray_on,1,1,critical_high_temperature
2027-11-06T21:00:00,tb,43.108760833740234,fan_and_spray_on,1,1,critical_high_temperature
2027-11-06T22:00:00,tb,43.253395080566406,fan_and_spray_on,1,1,critical_high_temperature
2027-11-06T23:00:00,tb,43.19076156616211,fan_and_spray_on,1,1,critical_high_temperature
2027-11-07T00:00:00,tb,43.087181091308594,fan_and_spray_on,1,1,critical_high_temperature
2027-11-07T01:00:00,tb,43.04225540161133,fan_and_spray_on,1,1,critical_high_temperature
2027-11-07T02:00:00,tb,43.262237548828125,fan_and_spray_on,1,1,critical_high_temperature
2027-11-07T03:00:00,tb,43.26280212402344,fan_and_spray_on,1,1,critical_high_temperature
2027-11-07T04:00:00,tb,43.08622741699219,fan_and_spray_on,1,1,critical_high_temperature
2027-11-07T05:00:00,tb,43.137447357177734,fan_and_spray_on,1,1,critical_high_temperature
2027-11-07T06:00:00,tb,43.21539306640625,fan_and_spray_on,1,1,critical_high_temperature
2027-11-07T07:00:00,tb,43.196746826171875,fan_and_spray_on,1,1,critical_high_temperature
2027-11-07T08:00:00,tb,43.219791412353516,fan_and_spray_on,1,1,critical_high_temperature
2027-11-07T09:00:00,tb,43.11651611328125,fan_and_spray_on,1,1,critical_high_temperature
2027-11-07T10:00:00,tb,43.205116271972656,fan_and_spray_on,1,1,critical_high_temperature
2027-11-07T11:00:00,tb,43.102813720703125,fan_and_spray_on,1,1,critical_high_temperature
2027-11-07T12:00:00,tb,43.269378662109375,fan_and_spray_on,1,1,critical_high_temperature
2027-11-07T13:00:00,tb,43.18753433227539,fan_and_spray_on,1,1,critical_high_temperature
2027-11-07T14:00:00,tb,42.96860885620117,fan_and_spray_on,1,1,critical_high_temperature
2027-11-07T15:00:00,tb,43.268310546875,fan_and_spray_on,1,1,critical_high_temperature
2027-11-07T16:00:00,tb,43.230953216552734,fan_and_spray_on,1,1,critical_high_temperature
2027-11-07T17:00:00,tb,43.226993560791016,fan_and_spray_on,1,1,critical_high_temperature
2027-11-07T18:00:00,tb,43.1425666809082,fan_and_spray_on,1,1,critical_high_temperature
2027-11-07T19:00:00,tb,43.23296356201172,fan_and_spray_on,1,1,critical_high_temperature
2027-11-07T20:00:00,tb,43.241153717041016,fan_and_spray_on,1,1,critical_high_temperature
2027-11-07T21:00:00,tb,43.20702362060547,fan_and_spray_on,1,1,critical_high_temperature
2027-11-07T22:00:00,tb,43.12295913696289,fan_and_spray_on,1,1,critical_high_temperature
2027-11-07T23:00:00,tb,43.3175048828125,fan_and_spray_on,1,1,critical_high_temperature
2027-11-08T00:00:00,tb,43.25177764892578,fan_and_spray_on,1,1,critical_high_temperature
2027-11-08T01:00:00,tb,43.269771575927734,fan_and_spray_on,1,1,critical_high_temperature
2027-11-08T02:00:00,tb,43.13688659667969,fan_and_spray_on,1,1,critical_high_temperature
2027-11-08T03:00:00,tb,43.27699661254883,fan_and_spray_on,1,1,critical_high_temperature
2027-11-08T04:00:00,tb,43.03157043457031,fan_and_spray_on,1,1,critical_high_temperature
2027-11-08T05:00:00,tb,43.13852310180664,fan_and_spray_on,1,1,critical_high_temperature
2027-11-08T06:00:00,tb,43.105045318603516,fan_and_spray_on,1,1,critical_high_temperature
2027-11-08T07:00:00,tb,43.273162841796875,fan_and_spray_on,1,1,critical_high_temperature
2027-11-08T08:00:00,tb,43.25873947143555,fan_and_spray_on,1,1,critical_high_temperature
2027-11-08T09:00:00,tb,43.16925811767578,fan_and_spray_on,1,1,critical_high_temperature
2027-11-08T10:00:00,tb,43.111228942871094,fan_and_spray_on,1,1,critical_high_temperature
2027-11-08T11:00:00,tb,43.32090377807617,fan_and_spray_on,1,1,critical_high_temperature
2027-11-08T12:00:00,tb,43.1949577331543,fan_and_spray_on,1,1,critical_high_temperature
2027-11-08T13:00:00,tb,43.22502517700195,fan_and_spray_on,1,1,critical_high_temperature
2027-11-08T14:00:00,tb,43.198177337646484,fan_and_spray_on,1,1,critical_high_temperature
2027-11-08T15:00:00,tb,43.05791473388672,fan_and_spray_on,1,1,critical_high_temperature
